number,factory_id,factory,air_compressor_1,air_compressor_2,lighting,cooling_equipment,heating_equipment,conveyor,coating_equipment,inspection_equipment,welding_equipment,packaging_equipment,cutting_equipment,timestamp
	(2,0,Dicki-Reilly,2.92,3.53,0.93,25.65,46.49,10.31,3.45,2.75,5.3,7.39,13.55,2024-06-2816:00:01
	(3,0,Dicki-Reilly,3.27,4.78,1.37,20.75,55.01,13.23,3.35,2.04,4.03,7.32,16.85,2024-06-2816:00:02
	(4,0,Dicki-Reilly,3.5,5.07,1.01,20.1,35.78,9.75,4.6,2.71,4.79,7.26,14.31,2024-06-2816:00:03
	(5,0,Dicki-Reilly,4.16,3.62,1.18,24.22,42.36,12.16,4.71,2.36,5.39,6.51,14.25,2024-06-2816:00:04
	(6,0,Dicki-Reilly,4.09,4.23,1.17,24.21,54.1,9.6,5.19,2.69,4.69,7.99,15.95,2024-06-2816:00:05
	(7,0,Dicki-Reilly,3.19,4.27,1.03,19.48,48.05,8.91,3.46,2.34,5.45,8.31,15.77,2024-06-2816:00:06
	(8,0,Dicki-Reilly,2.52,4.83,1.17,19.91,37.88,10.65,5.23,2.49,4.29,8.13,17.4,2024-06-2816:00:07
	(9,0,Dicki-Reilly,3.48,5.49,1.04,26.88,36.03,8.56,4.57,2.04,4.75,5.16,15.14,2024-06-2816:00:08
	(10,0,Dicki-Reilly,3.34,4.99,1.21,23.22,49.51,12.62,4.2,1.75,5.32,7.6,17.36,2024-06-2816:00:09
	(11,0,Dicki-Reilly,3.64,4.39,1.16,22.78,47.82,12.9,5.02,1.91,5.35,5,12.27,2024-06-2816:00:10
	(12,0,Dicki-Reilly,2.73,4.14,1.15,25.87,36.81,10.56,4.95,2.45,3.67,5.82,15.57,2024-06-2816:00:11
	(13,0,Dicki-Reilly,4.04,4.26,0.83,22.68,33.9,9.1,4.66,2.71,5.43,5.61,12.84,2024-06-2816:00:12
	(14,0,Dicki-Reilly,2.68,3.57,1.34,19.65,49.36,13.77,4.54,2.11,3.7,7.59,16.77,2024-06-2816:00:13
	(15,0,Dicki-Reilly,4.01,5.25,1.19,24.41,41.94,8.92,4.92,2.04,3.75,7.77,12.67,2024-06-2816:00:14
	(16,0,Dicki-Reilly,2.55,4.56,1.39,21.95,36.63,10.94,4.47,1.96,3.4,6.17,13,2024-06-2816:00:15
	(17,0,Dicki-Reilly,3.81,3.9,0.94,21.77,44.98,12.81,4.27,1.89,4.15,7.12,19.05,2024-06-2816:00:16
	(18,0,Dicki-Reilly,3.63,5.47,1.19,22.32,39.05,11.4,4.49,1.85,3.51,7.12,14.98,2024-06-2816:00:17
	(19,0,Dicki-Reilly,3.89,4.44,1.33,26.25,55.28,12.98,3.35,1.95,4.33,5.14,14.39,2024-06-2816:00:18
	(20,0,Dicki-Reilly,2.81,4.39,1.33,26.17,51.57,10.65,5.29,1.75,3.44,5.15,17.7,2024-06-2816:00:19
	(21,0,Dicki-Reilly,3.07,3.8,0.94,22.76,54.15,11.58,5.55,1.69,4.33,5.98,17.05,2024-06-2816:00:20
	(22,0,Dicki-Reilly,3.74,4.42,1.2,23.37,38.81,12.2,3.71,2.66,3.75,7.13,15.94,2024-06-2816:00:21
	(23,0,Dicki-Reilly,4.09,5.06,0.86,22.19,52.8,8.65,4.29,2.32,3.66,8.16,14.69,2024-06-2816:00:22
	(24,0,Dicki-Reilly,4.11,3.51,0.92,17.35,44.78,10.63,4.21,1.95,3.95,5.95,12.83,2024-06-2816:00:23
	(25,0,Dicki-Reilly,2.6,5.06,1.32,24.49,41.74,10.35,3.59,2.29,5.41,5.94,15.04,2024-06-2816:00:24
	(26,0,Dicki-Reilly,3.68,3.37,0.98,26.9,35.49,10.47,4.71,2.45,4.75,7.73,19.24,2024-06-2816:00:25
	(27,0,Dicki-Reilly,2.66,4.63,1.12,21.42,41.27,13.31,4.2,2.71,3.45,7.97,15.66,2024-06-2816:00:26
	(28,0,Dicki-Reilly,3.68,4.33,0.88,22.71,54.4,11.28,3.51,1.91,4.73,5.52,19.2,2024-06-2816:00:27
	(29,0,Dicki-Reilly,3.06,3.82,0.91,19.47,49.87,10.13,4.11,2.42,3.46,7.84,14.45,2024-06-2816:00:28
	(30,0,Dicki-Reilly,2.66,4.68,1.3,25.48,40.56,9.06,4.49,2.17,3.58,5.09,15.58,2024-06-2816:00:29
	(31,0,Dicki-Reilly,3.77,5.5,0.87,26.3,34.38,12.91,4.4,1.85,4.6,6.91,13.52,2024-06-2816:00:31
	(32,0,Dicki-Reilly,3.7,4.74,1.19,20.49,54.44,9.39,5.11,1.96,3.98,7.25,14.01,2024-06-2816:00:32
	(33,0,Dicki-Reilly,3.29,4.12,0.84,16.96,40.36,8.5,5.14,1.96,4.88,5.2,17.54,2024-06-2816:00:33
	(34,0,Dicki-Reilly,2.92,4.4,0.93,23.05,55.3,9.58,4.94,2.39,4.26,8.18,18.22,2024-06-2816:00:34
	(35,0,Dicki-Reilly,4.15,4.56,1,16.87,43.04,8.63,5.25,2.62,5.08,7.54,17.37,2024-06-2816:00:35
	(36,0,Dicki-Reilly,3.35,5.27,0.99,25.92,50,11.41,4.8,2.21,4.15,6.29,13.7,2024-06-2816:00:36
	(37,0,Dicki-Reilly,2.75,4.88,0.87,20.15,51.91,13.18,4.26,1.87,4.49,5.82,15.61,2024-06-2816:00:37
	(38,0,Dicki-Reilly,3.64,4.81,1.34,21.88,37.99,12.91,4.51,2.14,5.47,7.07,13.56,2024-06-2816:00:38
	(39,0,Dicki-Reilly,3.83,3.64,1.35,22.27,42.98,10.32,4.38,2.4,5.37,5.61,14.85,2024-06-2816:00:39
	(40,0,Dicki-Reilly,3.58,3.46,1.07,19.58,38.5,13.63,5.47,1.83,3.55,8.28,16.2,2024-06-2816:00:40
	(41,0,Dicki-Reilly,3.98,4.03,1.06,18.97,54.39,13.13,4.73,2.23,4.81,7.95,18.29,2024-06-2816:00:41
	(42,0,Dicki-Reilly,3.81,3.74,1.08,18.76,42.02,9.86,3.76,2.44,3.71,5.95,12.46,2024-06-2816:00:42
	(43,0,Dicki-Reilly,4.15,4.14,1.17,20.21,45.57,11.46,4.58,1.88,4.43,6.03,13.37,2024-06-2816:00:43
	(44,0,Dicki-Reilly,3.31,4.93,1.05,19.43,46.81,13.77,4.8,2.48,3.35,7.26,15.7,2024-06-2816:00:44
	(45,0,Dicki-Reilly,3.75,4.68,1.06,19.81,39.93,9.89,4.48,1.84,5.4,7.61,17.48,2024-06-2816:00:45
	(46,0,Dicki-Reilly,3.62,4.1,1,20.15,41.87,11.82,5.16,2.66,5.48,7.2,16.89,2024-06-2816:00:46
	(47,0,Dicki-Reilly,2.96,4.44,1.28,18.67,41.75,8.81,5.02,1.98,4.48,7.58,18.7,2024-06-2816:00:47
	(48,0,Dicki-Reilly,3.95,4.67,1.13,24.7,37.4,8.83,3.53,2.32,3.93,7.54,16.91,2024-06-2816:00:48
	(49,0,Dicki-Reilly,2.82,3.93,1.01,24.93,52.62,10.32,4.13,1.7,4.69,5.06,11.9,2024-06-2816:00:49
	(50,0,Dicki-Reilly,3.81,5.23,1.06,24.79,54.77,8.78,3.82,2.74,4.07,8.26,13.42,2024-06-2816:00:50
	(51,0,Dicki-Reilly,4,4.57,1.1,23.87,50.55,10.6,3.56,1.71,5.39,7.62,15.07,2024-06-2816:00:51
	(52,0,Dicki-Reilly,2.74,3.9,1.01,18.62,47.81,11.51,4.78,1.69,3.41,8.12,17.89,2024-06-2816:00:52
	(53,0,Dicki-Reilly,4.06,5.29,0.95,24.68,43.03,10.88,3.85,2.6,3.56,5.16,19.4,2024-06-2816:00:53
	(54,0,Dicki-Reilly,2.77,3.94,1.01,27.59,52.58,8.97,3.85,2.61,4.51,7.15,19.3,2024-06-2816:00:54
	(55,0,Dicki-Reilly,3.2,5.53,0.87,20.78,49.17,9.7,3.49,2.01,3.54,7.23,19.4,2024-06-2816:00:55
	(56,0,Dicki-Reilly,2.91,4.21,1.02,22.73,53.59,11.1,3.55,2.36,3.8,5.32,12.87,2024-06-2816:00:56
	(57,0,Dicki-Reilly,3.7,4.13,1.1,18.5,47.11,8.56,3.75,2.52,4.37,8,17.38,2024-06-2816:00:57
	(58,0,Dicki-Reilly,2.92,3.92,0.88,26.35,51.82,10.38,4.68,2.33,3.52,6.23,13.06,2024-06-2816:00:58
	(59,0,Dicki-Reilly,4.04,4.74,1.24,26.27,34.54,9.06,4.02,2.35,4.16,5.35,14.12,2024-06-2816:00:59
	(60,0,Dicki-Reilly,3.79,3.94,1.06,26.83,51.15,13.37,4.72,1.94,4.77,6.03,12.53,2024-06-2816:01:00
	(61,0,Dicki-Reilly,3.42,4.54,1.32,20.37,40.95,13.69,4.97,2.74,5.31,7.34,18.33,2024-06-2816:01:01
	(62,0,Dicki-Reilly,3.85,4.48,1.24,24.89,52.7,13.06,4.62,2.55,4.7,7.41,13.05,2024-06-2816:01:02
	(63,0,Dicki-Reilly,3.75,4.41,1.24,26.96,38.88,11.11,4.36,1.77,5.41,7.52,19.18,2024-06-2816:01:03
	(64,0,Dicki-Reilly,3.76,4.24,0.86,20.64,41.53,10.43,5.35,2.35,3.66,5.37,19.16,2024-06-2816:01:04
	(65,0,Dicki-Reilly,3.21,3.8,1.34,24.7,52.14,8.7,3.78,2.21,4.23,5.31,16.14,2024-06-2816:01:05
	(66,0,Dicki-Reilly,3.75,3.66,1.17,17.83,46.95,13.84,4.52,2.47,4.22,7.22,18.45,2024-06-2816:01:06
	(67,0,Dicki-Reilly,2.65,4.51,1.25,24.79,37.98,13.04,5.55,2.49,3.49,6.76,16.83,2024-06-2816:01:07
	(68,0,Dicki-Reilly,3.52,3.43,1.12,26.66,50.37,8.64,4.24,1.81,4.38,5.85,15.99,2024-06-2816:01:08
	(69,0,Dicki-Reilly,2.56,5.27,0.87,22.04,48.33,9.69,4.05,2.74,5.43,6.03,12.11,2024-06-2816:01:09
	(70,0,Dicki-Reilly,4.11,5.12,1.16,26.67,36.24,10.79,5.07,2.02,5.06,6.78,15.46,2024-06-2816:01:10
	(71,0,Dicki-Reilly,3.98,5.28,1.25,19.06,45.58,12.07,4.4,2.68,4.39,8.19,13.09,2024-06-2816:01:11
	(72,0,Dicki-Reilly,3.23,4.31,0.87,26.77,40.77,12.31,5.2,2.16,3.6,7.07,18.47,2024-06-2816:01:12
	(73,0,Dicki-Reilly,2.82,3.61,0.9,27.33,38.97,12.71,3.89,2.72,4.27,8.04,12.9,2024-06-2816:01:13
	(74,0,Dicki-Reilly,3.31,3.49,1.23,23.14,51.35,10.1,4.98,2.52,5.05,6.04,13.07,2024-06-2816:01:14
	(75,0,Dicki-Reilly,2.6,3.44,1.29,26.47,52.49,8.52,5.43,2.73,4.97,5.85,12.54,2024-06-2816:01:15
	(76,0,Dicki-Reilly,3.68,5.3,1.13,21.66,44.74,12.45,3.81,1.89,5.3,5.92,16.24,2024-06-2816:01:16
	(77,0,Dicki-Reilly,3.54,3.92,1.07,17.83,36.44,13.86,4.94,2.41,3.82,5.05,19.06,2024-06-2816:01:17
	(78,0,Dicki-Reilly,2.62,5.38,1.18,27.41,48.97,8.82,3.86,2.69,4.79,7.01,15.44,2024-06-2816:01:18
	(79,0,Dicki-Reilly,2.58,4.68,0.92,27.66,33.77,9.65,5.08,2.15,4.46,6.08,12.5,2024-06-2816:01:19
	(80,0,Dicki-Reilly,3.99,4.69,1.21,19.06,52.72,8.79,3.79,2.61,4.42,6.45,14.94,2024-06-2816:01:20
	(81,0,Dicki-Reilly,3.71,4.69,1.3,19.47,47.5,8.95,4.34,2.71,4.49,7.81,15.56,2024-06-2816:01:21
	(82,0,Dicki-Reilly,3.42,4.29,1.37,22.66,47.29,13.45,3.38,2.06,4.52,7.82,12.15,2024-06-2816:01:22
	(83,0,Dicki-Reilly,2.86,5.21,0.83,22.79,51.93,13.44,3.53,1.95,5.49,6.78,11.95,2024-06-2816:01:23
	(84,0,Dicki-Reilly,3.76,3.74,1.33,20.64,50.09,11.86,3.81,1.81,3.89,6.73,15.83,2024-06-2816:01:24
	(85,0,Dicki-Reilly,3.2,4.39,1.13,25.69,50.79,8.53,3.77,2.02,3.42,6.57,16.13,2024-06-2816:01:25
	(86,0,Dicki-Reilly,3.46,3.48,1.07,24.72,44.96,8.93,4.33,2.11,3.99,6.81,17.53,2024-06-2816:01:26
	(87,0,Dicki-Reilly,3.79,4.5,1.03,27.07,40.17,13.17,4.16,2.72,3.39,7.9,12.45,2024-06-2816:01:27
	(88,0,Dicki-Reilly,3.13,5.32,1,26.79,49.5,9.66,4.2,1.87,3.44,7.02,14.4,2024-06-2816:01:28
	(89,0,Dicki-Reilly,3.6,3.81,1.39,23.77,40.06,12.58,4.17,2.6,3.39,7.14,17.26,2024-06-2816:01:29
	(90,0,Dicki-Reilly,3.64,4.54,0.86,17.89,36.34,13.86,4.47,2.75,5.08,7.51,16.34,2024-06-2816:01:30
	(91,0,Dicki-Reilly,2.95,4.22,1.19,18.25,37.04,11.94,4.48,1.82,3.37,5.77,15.44,2024-06-2816:01:31
	(92,0,Dicki-Reilly,4.05,4.62,0.87,27.16,50.77,9.71,3.75,2.59,3.51,6.65,17.32,2024-06-2816:01:32
	(93,0,Dicki-Reilly,3.7,5.24,0.99,21.55,37.29,9.38,5.18,2.63,5.02,7.11,13.02,2024-06-2816:01:33
	(94,0,Dicki-Reilly,3.9,3.99,0.98,27.08,37.96,9.35,5.31,1.98,5.4,7.03,17.61,2024-06-2816:01:34
	(95,0,Dicki-Reilly,3.21,3.99,1.2,17.37,50.51,8.49,4.42,2.62,3.5,7.62,17.24,2024-06-2816:01:35
	(96,0,Dicki-Reilly,4.04,4.81,0.85,18.48,52.88,8.5,3.6,2.76,5.27,6.85,17.05,2024-06-2816:01:36
	(97,0,Dicki-Reilly,2.68,4.9,0.86,25.87,34.62,12.01,4.41,1.75,5.06,7.99,16.86,2024-06-2816:01:37
	(98,0,Dicki-Reilly,2.81,4.26,1.12,27.52,39.88,9.27,4.99,1.9,5.56,5.63,19.1,2024-06-2816:01:38
	(99,0,Dicki-Reilly,4.01,3.52,0.87,19.15,39.11,10.67,3.48,2.63,4.22,8.27,17.65,2024-06-2816:01:39
	(100,0,Dicki-Reilly,3.26,3.79,1.37,27.08,34.26,9.63,5.3,2.65,4.85,8.07,12.72,2024-06-2816:01:40
	(101,0,Dicki-Reilly,2.63,4.46,0.86,25.78,39.52,12.03,5.44,2.11,3.59,6.75,18.78,2024-06-2816:01:41
	(102,0,Dicki-Reilly,3.69,4.2,1.01,23.22,44.01,11.86,4.23,2.08,4.89,6.05,15.9,2024-06-2816:01:42
	(103,0,Dicki-Reilly,3.13,5.31,1.37,27.74,35.63,12.34,3.68,2.22,3.53,7.03,14.03,2024-06-2816:01:43
	(104,0,Dicki-Reilly,3.32,3.78,1.19,24.49,54.01,11.51,4.87,2.05,4.34,7.58,16.41,2024-06-2816:01:44
	(105,0,Dicki-Reilly,4.08,3.62,1.29,24.52,37.91,10.89,3.35,2.64,5.27,6.62,18.08,2024-06-2816:01:45
	(106,0,Dicki-Reilly,3.83,5.03,1.18,27.67,48.57,8.51,4.71,2.23,4.1,7.55,18.65,2024-06-2816:01:46
	(107,0,Dicki-Reilly,3.08,3.35,0.85,23.43,54.8,11.83,3.58,2.26,4.12,7.8,13.23,2024-06-2816:01:47
	(108,0,Dicki-Reilly,3.2,4.76,0.84,22.24,48.82,11.81,5.05,2.11,5.01,6.8,13.47,2024-06-2816:01:48
	(109,0,Dicki-Reilly,3,3.96,1.37,22.27,52.95,12.04,3.9,1.67,5.22,6.75,14.88,2024-06-2816:01:49
	(110,0,Dicki-Reilly,4.08,4.38,0.85,25.26,42.75,11.62,5.1,2.07,3.88,7.68,13.82,2024-06-2816:01:50
	(111,0,Dicki-Reilly,2.74,3.51,0.9,21.94,51.21,11.61,3.99,2.02,4.68,7.91,16.09,2024-06-2816:01:51
	(112,0,Dicki-Reilly,2.58,4.31,1.28,18.38,36.91,8.64,5.29,2.16,3.67,6.32,16.06,2024-06-2816:01:52
	(113,0,Dicki-Reilly,3.79,4.01,1.25,21.37,36.53,10.33,3.5,2.67,3.4,6.9,17.01,2024-06-2816:01:53
	(114,0,Dicki-Reilly,3.1,4.5,0.88,19.04,49.07,10.7,3.53,2.28,4.26,7.01,14.25,2024-06-2816:01:54
	(115,0,Dicki-Reilly,2.56,4.65,1.11,19.64,42.87,10.08,3.69,2.4,4.19,5.5,12.46,2024-06-2816:01:55
	(116,0,Dicki-Reilly,4.06,3.44,0.94,21.93,35.12,12.13,5.06,2.58,5.21,5.28,17.16,2024-06-2816:01:56
	(117,0,Dicki-Reilly,2.81,5.26,1.21,22.42,50.7,9.43,5.22,2.08,5.37,7.94,18.15,2024-06-2816:01:57
	(118,0,Dicki-Reilly,3.12,4.58,1.03,27.19,43.52,9.2,5.48,1.95,4.36,5.5,14.41,2024-06-2816:01:58
	(119,0,Dicki-Reilly,3.45,4.99,0.99,20.13,34.86,11.55,5.34,2.32,4.46,7.24,14.4,2024-06-2816:01:59
	(120,0,Dicki-Reilly,2.9,5.15,0.98,22.29,41.82,8.94,4.77,1.76,3.94,5.65,16.02,2024-06-2816:02:00
	(121,0,Dicki-Reilly,3.34,4.27,1.34,23.12,48.31,11.65,5.3,2.6,3.74,7.59,14.43,2024-06-2816:02:01
	(122,0,Dicki-Reilly,4.12,4.64,0.85,20.58,36.6,10.15,5.22,2.3,4.77,5.37,16.4,2024-06-2816:02:02
	(123,0,Dicki-Reilly,3.6,3.83,0.84,19.48,44.67,10.76,4.3,2.06,3.95,6.41,15.89,2024-06-2816:02:03
	(124,0,Dicki-Reilly,3.07,4.03,1.37,26.98,44.46,13.82,4.66,1.78,4.1,8,12.24,2024-06-2816:02:04
	(125,0,Dicki-Reilly,3.68,4.62,0.97,17.5,45.68,11.97,4.8,2.62,3.73,5.02,14.16,2024-06-2816:02:05
	(126,0,Dicki-Reilly,3.31,5.11,1.28,26.51,50.24,10.04,4.84,1.91,4.87,6.5,14.59,2024-06-2816:02:06
	(127,0,Dicki-Reilly,3.82,4.06,1.28,23.85,41.77,11.71,3.97,2.01,4.61,5.33,12.51,2024-06-2816:02:07
	(128,0,Dicki-Reilly,3.56,5.27,1.26,25.69,37.01,13.5,3.33,1.67,5.44,5.4,18.52,2024-06-2816:02:08
	(129,0,Dicki-Reilly,3.47,4.24,1,27.12,48.36,12.5,4.18,2.76,5.25,6.76,18.52,2024-06-2816:02:09
	(130,0,Dicki-Reilly,3.4,5.08,1.25,25.07,45.39,8.69,4.2,2.71,3.97,7.62,12.24,2024-06-2816:02:10
	(131,0,Dicki-Reilly,3.13,5.43,1.16,20.86,42.74,10.27,3.98,1.71,3.84,7.75,13.46,2024-06-2816:02:11
	(132,0,Dicki-Reilly,3.47,4.2,1.25,23.04,45.98,9.11,4.5,1.88,3.42,7.41,12.81,2024-06-2816:02:12
	(133,0,Dicki-Reilly,3.15,4.16,1.22,18.53,53.75,8.57,3.5,1.94,3.67,8.05,15.03,2024-06-2816:02:13
	(134,0,Dicki-Reilly,3.4,3.73,1,27.29,33.38,12.67,4.61,2.66,3.84,6.12,18.29,2024-06-2816:02:14
	(135,0,Dicki-Reilly,3.08,4.14,1.29,16.81,40.03,9.5,5.06,1.98,5.14,5.68,14.23,2024-06-2816:02:15
	(136,0,Dicki-Reilly,3.77,5.06,1.26,19.91,38.42,10.45,4.77,2.27,4.31,7.05,17.64,2024-06-2816:02:16
	(137,0,Dicki-Reilly,2.68,4.89,1.24,26.04,40.84,12,3.42,2.03,4.58,8.02,15.18,2024-06-2816:02:17
	(138,0,Dicki-Reilly,3.95,4.23,1.17,26.76,55.35,10.77,5.43,2.77,5.3,6.69,13.39,2024-06-2816:02:18
	(139,0,Dicki-Reilly,2.9,3.91,1.05,23.17,34.03,8.39,4.77,2.45,4.98,8.1,14.61,2024-06-2816:02:19
	(140,0,Dicki-Reilly,3.51,3.41,0.93,22.89,54.05,8.69,3.82,1.77,3.54,8.05,12.89,2024-06-2816:02:20
	(141,0,Dicki-Reilly,3.42,3.47,0.99,23.11,46.04,13.79,4.72,1.84,4.48,7.53,19.21,2024-06-2816:02:21
	(142,0,Dicki-Reilly,3.15,3.39,1.29,20.37,37.01,9.51,4.71,2.65,3.95,7.06,13.57,2024-06-2816:02:22
	(143,0,Dicki-Reilly,2.71,4.01,1.13,23.72,41.14,9.63,3.72,2.75,4.7,6.5,12.05,2024-06-2816:02:23
	(144,0,Dicki-Reilly,4.04,4.86,0.9,24.73,37.78,13.28,3.74,2.1,3.9,6.59,16.49,2024-06-2816:02:24
	(145,0,Dicki-Reilly,3.13,3.65,1.2,19.02,47.09,11.1,4.03,2.21,4.9,7.17,15.71,2024-06-2816:02:25
	(146,0,Dicki-Reilly,4.08,5.33,0.97,21.6,54.55,13.71,5.18,2.64,5.2,6.97,17.88,2024-06-2816:02:26
	(147,0,Dicki-Reilly,2.86,5.3,0.97,25.97,49.65,13.01,3.67,2.48,3.97,6.71,15.32,2024-06-2816:02:27
	(148,0,Dicki-Reilly,3.5,4.73,1.02,17.83,46.28,9.55,5.31,2.19,3.99,6.05,19.4,2024-06-2816:02:28
	(149,0,Dicki-Reilly,3.66,4.46,1.02,26.95,50.7,10.66,4.46,1.71,4.72,7.9,15.44,2024-06-2816:02:29
	(150,0,Dicki-Reilly,3.63,5.08,1.05,26.28,36.49,12.67,3.58,1.77,4.76,7.38,13.55,2024-06-2816:02:30
	(151,0,Dicki-Reilly,2.58,4.34,1.18,24.47,48.71,9.9,4.46,2.03,5.09,7.07,18.5,2024-06-2816:02:31
	(152,0,Dicki-Reilly,3.57,4.69,1.29,24.25,54.11,10.39,4.76,2.09,4.03,5.99,16.41,2024-06-2816:02:32
	(153,0,Dicki-Reilly,3.16,4.65,0.88,27.62,43.86,9.24,4.77,2.25,3.38,8.11,12.33,2024-06-2816:02:33
	(154,0,Dicki-Reilly,2.55,4.89,0.96,27.27,45.89,10.87,5.24,1.7,5.34,7.88,12.22,2024-06-2816:02:34
	(155,0,Dicki-Reilly,2.68,4.04,0.95,27.51,36.1,9.55,4.87,2.7,3.44,8.17,17.23,2024-06-2816:02:35
	(156,0,Dicki-Reilly,3.5,3.55,1.12,25.66,40.1,9.7,5.34,2.34,4.47,5.14,13.83,2024-06-2816:02:36
	(157,0,Dicki-Reilly,3.6,5.26,1.23,17.29,52.12,10.91,5.01,1.94,3.43,7.28,14.32,2024-06-2816:02:37
	(158,0,Dicki-Reilly,3.76,4.09,1.21,17.67,37.71,13.46,4.17,2.09,4.81,6.64,19.4,2024-06-2816:02:38
	(159,0,Dicki-Reilly,2.77,4.52,0.89,19.93,48.31,9.19,4.65,2.25,4.45,6.8,16.85,2024-06-2816:02:39
	(160,0,Dicki-Reilly,3.27,3.99,1.07,26.36,55.42,9.64,3.93,2.59,4.04,7.86,15.95,2024-06-2816:02:40
	(161,0,Dicki-Reilly,4.13,5.31,1.36,26.23,42.74,8.64,4.02,2.08,5.04,5.78,19.18,2024-06-2816:02:41
	(162,0,Dicki-Reilly,2.94,4.87,1.14,20.51,39.77,12.76,5.02,1.94,4.51,7.55,13.45,2024-06-2816:02:42
	(163,0,Dicki-Reilly,4.14,5.42,1.19,17.71,48.25,12.38,5.15,2.2,5.47,6.88,17.47,2024-06-2816:02:43
	(164,0,Dicki-Reilly,3.95,4.42,1.28,27.25,53.09,13.23,3.82,1.87,4.81,6.85,18.8,2024-06-2816:02:44
	(165,0,Dicki-Reilly,3.15,4.02,1.33,17.93,54.2,9.97,3.63,2.67,4.76,7.25,12.26,2024-06-2816:02:45
	(166,0,Dicki-Reilly,3.48,4.58,1.33,25.03,42.73,9.85,4.06,1.89,5.16,8.28,18.66,2024-06-2816:02:46
	(167,0,Dicki-Reilly,3.42,4.42,1.26,25.85,44.67,8.78,4.67,1.85,5.37,5.31,12.21,2024-06-2816:02:47
	(168,0,Dicki-Reilly,3.55,5.55,0.99,24.18,54.71,8.46,5.06,1.74,4.95,5.74,12.31,2024-06-2816:02:48
	(169,0,Dicki-Reilly,2.58,4.43,1.37,25.42,38.74,8.78,5.36,1.99,4.04,5.46,13.95,2024-06-2816:02:49
	(170,0,Dicki-Reilly,3.64,3.39,0.96,23.91,43.06,13.85,5.28,1.71,5.37,8.05,18.26,2024-06-2816:02:50
	(171,0,Dicki-Reilly,2.88,3.8,1.29,21.2,43.01,8.74,3.7,1.94,4.52,8.16,12.99,2024-06-2816:02:51
	(172,0,Dicki-Reilly,3.99,4.61,1.32,18.76,33.69,12.52,3.38,2.47,5.05,6.65,13.03,2024-06-2816:02:52
	(173,0,Dicki-Reilly,3.98,5.39,0.9,16.8,53.63,11.29,3.35,2.39,5.46,6.38,16.91,2024-06-2816:02:53
	(174,0,Dicki-Reilly,2.54,3.94,1.23,26.01,41.52,9.52,4.23,2.66,3.45,8.19,13.05,2024-06-2816:02:54
	(175,0,Dicki-Reilly,2.51,3.54,1.21,23.96,53.27,10.41,4.49,1.73,3.48,5.44,11.68,2024-06-2816:02:55
	(176,0,Dicki-Reilly,3.63,4.8,1.03,20.1,42.91,10.4,5.23,2.42,5.12,5.65,19.37,2024-06-2816:02:56
	(177,0,Dicki-Reilly,2.92,4.67,1.34,22.23,37.44,9.52,5.08,2.67,3.62,7.84,13.8,2024-06-2816:02:58
	(178,0,Dicki-Reilly,3.16,5.5,0.87,24.34,44.86,12.13,4.04,1.82,5.01,5.6,16.82,2024-06-2816:02:59
	(179,0,Dicki-Reilly,3.05,3.96,1.37,18.57,55.16,13.8,3.71,2.01,4.02,7,16.11,2024-06-2816:03:00
	(180,0,Dicki-Reilly,3.73,3.59,0.96,17.24,37.04,9.56,4.86,1.8,5.04,5.8,15.82,2024-06-2816:03:01
	(181,0,Dicki-Reilly,2.8,3.9,1.32,22.57,47.84,11.51,4.85,2.3,5.53,5.67,19.33,2024-06-2816:03:02
	(182,0,Dicki-Reilly,3.12,3.65,1.37,26.99,47.11,12.72,4.1,2.33,4.68,5.95,19.19,2024-06-2816:03:03
	(183,0,Dicki-Reilly,3.71,4.33,1.27,17.48,45.82,12.99,5.19,2.52,5.41,8.2,13.44,2024-06-2816:03:04
	(184,0,Dicki-Reilly,3.09,5.48,1.25,27.11,55.26,12.93,4.7,2.76,4.77,5.43,13.53,2024-06-2816:03:05
	(185,0,Dicki-Reilly,2.62,4.82,0.9,23.8,34.32,10.66,5.09,2.68,4.18,6.19,14.71,2024-06-2816:03:06
	(186,0,Dicki-Reilly,3.26,3.96,1.13,21.94,51.19,10.9,4.49,2.3,3.83,5.03,13.99,2024-06-2816:03:07
	(187,0,Dicki-Reilly,4.09,4.01,1.04,24.35,35.22,13.89,5.32,1.77,3.69,6.01,19.12,2024-06-2816:03:08
	(188,0,Dicki-Reilly,3.79,4.44,0.92,24.49,42.73,13.12,4.86,2.02,4.94,5.85,12.85,2024-06-2816:03:09
	(189,0,Dicki-Reilly,3.29,3.39,0.98,26.45,38.84,11.48,5.15,1.83,3.72,7.89,17.64,2024-06-2816:03:10
	(190,0,Dicki-Reilly,3.86,4.93,0.97,23.12,34.18,10.19,3.64,2.46,3.78,5.28,14.72,2024-06-2816:03:11
	(191,0,Dicki-Reilly,2.63,3.73,1.15,23.38,51.18,13.06,5.3,2.33,4.23,6.54,16.26,2024-06-2816:03:12
	(192,0,Dicki-Reilly,2.55,4.2,1,18.63,41.39,8.9,4.4,2.69,4.92,7.6,17.09,2024-06-2816:03:13
	(193,0,Dicki-Reilly,3.85,3.87,0.88,21.79,52.83,13.62,4.34,1.73,3.61,5.34,12.05,2024-06-2816:03:14
	(194,0,Dicki-Reilly,3.55,3.43,1.05,21.87,39.33,9.48,5.18,2.35,4.94,8.04,16.6,2024-06-2816:03:15
	(195,0,Dicki-Reilly,3.85,5.14,1.38,20.33,35.01,9.47,4.32,2.27,4.94,6.93,12.77,2024-06-2816:03:16
	(196,0,Dicki-Reilly,3.04,4.28,1.11,20.28,36.32,12.55,5.44,2.21,5.15,7.77,18.63,2024-06-2816:03:17
	(197,0,Dicki-Reilly,2.6,3.65,0.9,25.49,35.11,11.5,4.55,2.77,5.06,5.22,15.17,2024-06-2816:03:18
	(198,0,Dicki-Reilly,3.5,5.55,0.97,19.72,39.85,13.16,4.68,2.12,4.4,5.98,12.29,2024-06-2816:03:19
	(199,0,Dicki-Reilly,3.51,5.08,1.14,26.59,38.36,13.42,5.39,2.36,3.52,7.38,13.67,2024-06-2816:03:20
	(200,0,Dicki-Reilly,3,3.95,1.28,26.78,34.34,13.46,3.5,2.61,4.32,8.3,16.65,2024-06-2816:03:21
	(201,0,Dicki-Reilly,2.88,4.2,1.25,19.31,47.61,10.55,4.08,2.33,4.73,6.22,14.8,2024-06-2816:03:22
	(202,0,Dicki-Reilly,2.51,4.95,1.29,19.59,40.97,12.13,5.54,1.97,4.09,8.22,18.78,2024-06-2816:03:23
	(203,0,Dicki-Reilly,3.26,4.97,0.86,22.47,39.93,10.81,3.38,2.58,4.31,7.91,13.21,2024-06-2816:03:24
	(204,0,Dicki-Reilly,3.89,5.32,1.35,19.19,45.89,9.94,3.59,1.9,3.34,7.38,15.58,2024-06-2816:03:25
	(205,0,Dicki-Reilly,3.5,5.45,0.9,25.96,50.05,10.22,4.77,2.49,4.64,6.22,15.1,2024-06-2816:03:26
	(206,0,Dicki-Reilly,2.72,3.9,1.07,23.71,51.53,12.84,5.24,2.21,5.21,7.41,13.15,2024-06-2816:03:27
	(207,0,Dicki-Reilly,3.65,4.14,0.83,18.66,42.15,10.65,3.52,2.08,4.3,7.98,18.54,2024-06-2816:03:28
	(208,0,Dicki-Reilly,3.49,4.99,1.35,25.71,47.17,8.82,4.45,2.11,5.52,5.84,13.43,2024-06-2816:03:29
	(209,0,Dicki-Reilly,3.64,4.1,1.06,27.63,49.08,13.54,4.99,2.72,3.58,6.11,11.84,2024-06-2816:03:30
	(210,0,Dicki-Reilly,4.09,4.05,0.84,22.42,42.8,9.34,5.29,2.65,3.78,6.96,19.19,2024-06-2816:03:31
	(211,0,Dicki-Reilly,3.05,3.74,0.88,20.51,51.04,10.58,3.5,1.97,5.13,7.31,12.1,2024-06-2816:03:32
	(212,0,Dicki-Reilly,3.37,4.53,0.85,21.31,35.82,10.16,3.93,2.41,3.7,7.93,16.47,2024-06-2816:03:33
	(213,0,Dicki-Reilly,2.83,4.32,1.06,25.94,40.61,10.87,4.85,2.72,4.44,5.89,16.68,2024-06-2816:03:34
	(214,0,Dicki-Reilly,3.24,5.37,1.16,25.88,46.31,12.84,3.71,2.67,3.82,6.47,16.8,2024-06-2816:03:35
	(215,0,Dicki-Reilly,2.88,3.75,1.36,27.28,50.25,10.07,3.59,1.92,4.06,5.73,18.7,2024-06-2816:03:36
	(216,0,Dicki-Reilly,3.04,3.49,1.18,17.06,47.61,11.14,5.25,2.69,4.18,7.85,18.97,2024-06-2816:03:37
	(217,0,Dicki-Reilly,3.79,4.8,1.05,23.36,51.65,10.29,4.71,2.19,5.19,5.14,17,2024-06-2816:03:38
	(218,0,Dicki-Reilly,3.35,5.11,1.23,26.23,40.07,12.82,3.53,2.25,5.35,6.42,15.24,2024-06-2816:03:39
	(219,0,Dicki-Reilly,2.68,3.88,1.31,20.97,46.13,10.93,4.09,2.17,4.42,6.27,14.83,2024-06-2816:03:40
	(220,0,Dicki-Reilly,3.03,4.67,1.28,18.28,37.21,11.58,4.12,2,3.61,7.23,14.79,2024-06-2816:03:41
	(221,0,Dicki-Reilly,3.87,4.77,1.35,18.12,33.75,9,5.12,2.03,3.95,6.19,14.36,2024-06-2816:03:42
	(222,0,Dicki-Reilly,3.13,5.44,1.23,18.75,37.94,12.29,4.57,2.04,4.24,5.43,12.47,2024-06-2816:03:43
	(223,0,Dicki-Reilly,3.6,3.56,0.84,25.5,53.59,10.59,4.38,1.83,4.88,5.85,17.42,2024-06-2816:03:44
	(224,0,Dicki-Reilly,3.94,4.44,1.3,21.85,44.48,10.04,4.88,2.72,4.8,7.44,17.58,2024-06-2816:03:45
	(225,0,Dicki-Reilly,4.01,4.15,1.37,18.01,54.97,11.02,4.93,2.23,3.92,8.02,15.9,2024-06-2816:03:46
	(226,0,Dicki-Reilly,3.85,5.02,1.18,19.23,36.81,12.63,3.55,1.91,3.54,5.46,19.4,2024-06-2816:03:47
	(227,0,Dicki-Reilly,3.43,4.43,1.31,23.95,35.69,11,5.09,1.79,5.35,6.96,17.98,2024-06-2816:03:48
	(228,0,Dicki-Reilly,2.72,4.43,1.12,19.37,54.84,9.07,4.82,1.71,3.36,7.38,18.98,2024-06-2816:03:49
	(229,0,Dicki-Reilly,4.11,4.02,1.13,19.78,39.25,13.86,5.21,1.98,4.71,6.11,18.15,2024-06-2816:03:50
	(230,0,Dicki-Reilly,3.46,4.77,1.16,24.55,55.47,13.73,4.88,1.93,4.62,7.14,16.32,2024-06-2816:03:51
	(231,0,Dicki-Reilly,3.94,5.38,1.29,20.44,40.13,11.73,4.43,2.36,4.79,7.15,15.16,2024-06-2816:03:52
	(232,0,Dicki-Reilly,3.37,3.41,1.14,21.92,39.61,8.86,5.05,2.02,3.53,6.82,14.26,2024-06-2816:03:53
	(233,0,Dicki-Reilly,2.52,4.55,1,20.89,52.69,11.07,3.76,2.19,5.25,5.76,16.28,2024-06-2816:03:54
	(234,0,Dicki-Reilly,3.78,3.35,1.12,17.29,39,10.14,5.14,2.6,5.46,6.39,13.74,2024-06-2816:03:55
	(235,0,Dicki-Reilly,3.84,4.13,1.3,19.58,36.07,10.36,5.36,2.12,3.63,6.37,18.29,2024-06-2816:03:56
	(236,0,Dicki-Reilly,3.52,3.69,1.22,17.09,38.3,12.7,4.29,2.19,4.21,6.74,12.9,2024-06-2816:03:57
	(237,0,Dicki-Reilly,3.9,4.16,1.36,17.71,54.32,8.52,3.64,1.93,3.44,5.83,17.55,2024-06-2816:03:58
	(238,0,Dicki-Reilly,2.71,5.29,0.85,25.83,50.22,10.61,4.07,2.46,4.73,5.64,14.28,2024-06-2816:03:59
	(239,0,Dicki-Reilly,3.67,4.35,0.99,23.95,47.21,11.28,4.17,2.47,3.38,6.02,15.9,2024-06-2816:04:00
	(240,0,Dicki-Reilly,3.71,4.38,1.26,20.31,36.12,9.79,3.4,2.31,5.23,8.19,14.46,2024-06-2816:04:01
	(241,0,Dicki-Reilly,4.04,4.33,1.05,25.13,41.02,8.99,3.6,2.13,3.67,7.57,12.88,2024-06-2816:04:02
	(242,0,Dicki-Reilly,3.75,3.64,0.93,27.7,49.05,9.25,4.83,1.84,4.48,5.33,16.88,2024-06-2816:04:03
	(243,0,Dicki-Reilly,3.43,5.49,1.09,20.37,34.83,11.84,5.31,2.31,3.77,6.18,14.76,2024-06-2816:04:04
	(244,0,Dicki-Reilly,3.13,3.35,1.24,16.71,38.04,13.09,3.74,2.63,5.55,8.33,19.03,2024-06-2816:04:05
	(245,0,Dicki-Reilly,2.77,4.28,1.3,25.53,47.76,10.22,4.04,2.17,3.52,5.93,14.97,2024-06-2816:04:06
	(246,0,Dicki-Reilly,2.98,4.04,1.25,24.98,52.09,11.36,5.45,1.78,3.97,6.54,12.46,2024-06-2816:04:07
	(247,0,Dicki-Reilly,3.25,4.28,1.21,20.02,50.02,12.73,3.64,1.69,5.48,5.27,14.81,2024-06-2816:04:08
	(248,0,Dicki-Reilly,3.05,3.95,0.88,19.63,37.84,11.95,4.17,2.11,3.99,6.55,17.63,2024-06-2816:04:09
	(249,0,Dicki-Reilly,2.82,3.36,0.92,19.22,50.99,12.64,4.42,2.34,3.7,7.01,17.02,2024-06-2816:04:10
	(250,0,Dicki-Reilly,2.79,3.86,1.14,26.45,40.81,11.08,3.36,2.09,4.4,5.59,12,2024-06-2816:04:11
	(251,0,Dicki-Reilly,3.64,3.68,1.06,18.17,38.01,12.69,5.42,2.34,5.29,7.98,18.47,2024-06-2816:04:12
	(252,0,Dicki-Reilly,2.65,4.77,1.38,20.73,45.32,11.35,4.21,1.84,4.98,7.7,15.79,2024-06-2816:04:13
	(253,0,Dicki-Reilly,3.91,3.91,1.17,24.65,51.62,13.46,3.42,2.1,4.64,5.21,18.43,2024-06-2816:04:14
	(254,0,Dicki-Reilly,4.06,5.52,1.04,16.77,33.44,13.53,5.05,2.72,4.65,5.17,16.74,2024-06-2816:04:15
	(255,0,Dicki-Reilly,4.04,3.59,0.94,18.75,53.6,13.58,5.3,2.45,4.83,5.6,18.28,2024-06-2816:04:16
	(256,0,Dicki-Reilly,3.32,5.27,1.03,22.68,50.27,13.17,4.29,2.59,4.54,7.12,13.75,2024-06-2816:04:17
	(257,0,Dicki-Reilly,3.52,4.05,0.97,23.49,33.51,8.58,4.98,1.88,3.44,5.79,14.31,2024-06-2816:04:18
	(258,0,Dicki-Reilly,3.06,5.2,1,17.7,40.48,9.42,3.82,2.46,3.99,5.92,12.75,2024-06-2816:04:19
	(259,0,Dicki-Reilly,3.35,3.93,1.1,19.52,39.38,10.39,5.34,2.49,5.27,5.68,17.14,2024-06-2816:04:20
	(260,0,Dicki-Reilly,4.15,3.95,1.38,23.47,53.74,13.14,4.71,1.94,3.51,6.07,11.71,2024-06-2816:04:21
	(261,0,Dicki-Reilly,2.79,5.32,1.29,21.02,52.8,10.89,4.81,2.61,3.96,5.97,18.52,2024-06-2816:04:22
	(262,0,Dicki-Reilly,4.05,3.96,1.23,27.4,49.75,12.83,4.02,2.16,5.29,6.45,18.72,2024-06-2816:04:23
	(263,0,Dicki-Reilly,3.66,4.09,1.04,23.35,41.46,8.52,3.97,2.04,3.47,8.08,14.4,2024-06-2816:04:24
	(264,0,Dicki-Reilly,3.88,3.63,1.3,22.38,49.48,8.6,4.75,2.69,3.52,5.48,16.69,2024-06-2816:04:25
	(265,0,Dicki-Reilly,2.91,3.82,1.09,25.76,41.39,12,5.46,1.89,3.89,6.67,15.08,2024-06-2816:04:26
	(266,0,Dicki-Reilly,2.7,5.04,0.86,25.18,54.77,13.71,3.75,2.27,5.13,7.76,17.24,2024-06-2816:04:27
	(267,0,Dicki-Reilly,3.29,4.98,0.91,21.82,45.38,10.73,4.32,2.77,3.83,5.82,18.22,2024-06-2816:04:28
	(268,0,Dicki-Reilly,3.64,4.72,1.29,19.14,54.76,8.6,4.32,1.83,3.52,5.62,12.64,2024-06-2816:04:29
	(269,0,Dicki-Reilly,2.67,4.73,1.11,19.96,38.64,12.3,4.46,2.06,4.01,6.65,18.13,2024-06-2816:04:30
	(270,0,Dicki-Reilly,3.96,4.24,0.9,17,35.69,10.38,5.55,2.67,3.56,5.62,15.49,2024-06-2816:04:31
	(271,0,Dicki-Reilly,3.02,3.73,0.91,21.79,34.02,13.83,3.81,2.5,4.46,7.44,13.46,2024-06-2816:04:32
	(272,0,Dicki-Reilly,4.05,3.8,0.95,23.08,54.07,9.7,4.88,1.77,5.25,6.12,17.61,2024-06-2816:04:33
	(273,0,Dicki-Reilly,3.07,3.82,0.86,19.86,45.31,10.05,4.78,1.71,3.97,7.4,18.07,2024-06-2816:04:34
	(274,0,Dicki-Reilly,3.39,5.51,1.02,27.5,46.71,10.31,3.36,1.96,4.71,7.68,17.32,2024-06-2816:04:35
	(275,0,Dicki-Reilly,3.32,3.64,0.88,18.12,47.47,12.28,5.31,2.15,3.55,7.8,16.49,2024-06-2816:04:36
	(276,0,Dicki-Reilly,3.18,3.41,0.86,16.68,45.44,13.76,5.01,1.74,5.13,6.52,16.16,2024-06-2816:04:37
	(277,0,Dicki-Reilly,3.35,4.2,0.86,25.61,33.41,12.71,3.79,2.16,4.74,6.28,13.37,2024-06-2816:04:38
	(278,0,Dicki-Reilly,3.15,4.02,1.07,24.46,51.1,12.4,3.37,2.75,3.8,7.27,15.63,2024-06-2816:04:39
	(279,0,Dicki-Reilly,2.91,4.06,1.08,26.78,46.03,12.78,4.56,1.92,3.78,6.04,15.49,2024-06-2816:04:40
	(280,0,Dicki-Reilly,4,3.5,1.35,17,44.67,12.01,3.97,2.18,5.13,6.77,12.17,2024-06-2816:04:41
	(281,0,Dicki-Reilly,3.35,3.42,0.87,26,43.72,11.36,3.74,1.95,5.01,6.63,13.39,2024-06-2816:04:42
	(282,0,Dicki-Reilly,3.19,3.93,1.24,23.39,40.14,10,3.38,1.88,3.53,5.05,18.24,2024-06-2816:04:43
	(283,0,Dicki-Reilly,3.74,4.03,0.89,19.65,42.59,13.43,4.01,2.11,4.97,6.51,16.79,2024-06-2816:04:44
	(284,0,Dicki-Reilly,2.83,4.04,1.28,25.75,36.12,8.52,4.51,1.88,3.66,7.58,11.91,2024-06-2816:04:45
	(285,0,Dicki-Reilly,3.22,4.11,0.94,17.3,37.35,12.17,3.52,1.74,5.31,6.91,18.34,2024-06-2816:04:46
	(286,0,Dicki-Reilly,3.32,4.1,1.04,17.75,52.46,11.97,4.46,2.54,5.43,8.27,11.85,2024-06-2816:04:47
	(287,0,Dicki-Reilly,3.16,5.46,0.93,26.95,44.61,11.61,4.48,2.71,5.2,8.13,13.67,2024-06-2816:04:48
	(288,0,Dicki-Reilly,3.94,4.41,0.88,26.63,41.59,13.44,5.23,1.85,4.59,8.06,16.67,2024-06-2816:04:49
	(289,0,Dicki-Reilly,4.06,4.3,0.84,20.79,36.14,9.81,5.29,2.43,3.43,5.29,15.18,2024-06-2816:04:50
	(290,0,Dicki-Reilly,2.93,4.12,0.95,25.19,33.94,9.69,3.62,2.19,4.48,5.62,17.02,2024-06-2816:04:51
	(291,0,Dicki-Reilly,4.13,5.53,0.94,24.19,52.8,12.29,5.28,1.85,4.38,5.87,12.39,2024-06-2816:04:52
	(292,0,Dicki-Reilly,2.99,3.6,1.25,16.95,52.78,10.49,4.64,1.7,4.98,7.84,13.35,2024-06-2816:04:53
	(293,0,Dicki-Reilly,4.12,4.38,1.22,21.16,51.87,11.1,4.5,1.96,5.1,8.22,18.55,2024-06-2816:04:54
	(294,0,Dicki-Reilly,2.72,5.3,1,22.78,51.93,9.17,3.39,2.05,5.38,6.57,15.16,2024-06-2816:04:55
	(295,0,Dicki-Reilly,3.64,3.87,1.06,24.99,41.36,8.78,4.46,2.51,3.46,7.07,12.41,2024-06-2816:04:56
	(296,0,Dicki-Reilly,3.83,4.45,1.1,20.04,48.15,8.79,5.44,2.62,4.9,6.57,16.77,2024-06-2816:04:57
	(297,0,Dicki-Reilly,3.97,3.6,0.93,20.61,35.56,13.85,3.82,2.31,5.41,5.16,17.98,2024-06-2816:04:58
	(298,0,Dicki-Reilly,3.48,5.15,1.37,24.79,47.68,12.7,5.42,2.62,5.24,7.11,15.99,2024-06-2816:04:59
	(299,0,Dicki-Reilly,2.81,3.9,0.86,16.86,38.2,8.66,5.53,2.18,4.95,6.97,17.86,2024-06-2816:05:00
	(300,0,Dicki-Reilly,2.52,3.96,1.1,17.19,37.6,9.64,5.05,2.01,5.15,6.29,15.15,2024-06-2816:05:01
	(301,0,Dicki-Reilly,2.85,3.69,0.98,18.94,42.18,12.39,5,2.4,4.12,5.45,15.04,2024-06-2816:05:02
	(302,0,Dicki-Reilly,3.77,4.98,0.89,21.13,42.2,9.11,4.57,2.2,4.29,7.66,15.16,2024-06-2816:05:03
	(303,0,Dicki-Reilly,2.77,5.29,0.89,18.98,35.45,10.54,3.94,2.34,4.59,6.69,13.3,2024-06-2816:05:04
	(304,0,Dicki-Reilly,3.41,4.53,0.97,18.17,37.15,10.36,4.43,2.65,4.13,6.26,16.48,2024-06-2816:05:05
	(305,0,Dicki-Reilly,4.14,4.42,1.34,24.93,50.01,11.93,3.52,2.67,3.36,7.3,19.26,2024-06-2816:05:06
	(306,0,Dicki-Reilly,4.1,3.95,1.3,23.41,53.92,12.28,5.12,2.11,4.35,6.41,18.09,2024-06-2816:05:07
	(307,0,Dicki-Reilly,3.96,4.24,1.22,20.77,37.86,11.25,3.67,2.6,3.87,6.42,13.01,2024-06-2816:05:08
	(308,0,Dicki-Reilly,3.35,5.43,0.87,21.31,45.25,10.51,4.54,2.65,4.31,6.92,15.54,2024-06-2816:05:09
	(309,0,Dicki-Reilly,3.94,4.48,1.28,20.87,33.71,8.96,3.85,2.14,4.62,5.17,16.35,2024-06-2816:05:10
	(310,0,Dicki-Reilly,2.98,3.51,1.18,19.55,35.57,12.3,4.05,2.65,5.15,5.06,11.92,2024-06-2816:05:11
	(311,0,Dicki-Reilly,3.29,3.68,0.99,25.96,33.47,11.29,3.81,2.05,3.52,7.05,12.14,2024-06-2816:05:12
	(312,0,Dicki-Reilly,4,5.42,1.23,25.33,53.72,9.91,5.02,1.93,5.35,5.27,16.35,2024-06-2816:05:13
	(313,0,Dicki-Reilly,3.3,5.46,0.84,25.8,34.68,12.06,4.34,1.81,3.88,7.12,14.98,2024-06-2816:05:14
	(314,0,Dicki-Reilly,3.21,5.43,1.23,23.87,42.74,12.07,3.8,1.84,4.09,7.79,17.34,2024-06-2816:05:15
	(315,0,Dicki-Reilly,3.72,5.36,0.95,20.72,45.81,10.14,4.67,2.32,4.7,5.87,14.24,2024-06-2816:05:16
	(316,0,Dicki-Reilly,3.82,3.94,1.33,16.99,45.49,10.87,3.78,1.71,5.55,8.19,14.93,2024-06-2816:05:17
	(317,0,Dicki-Reilly,3.99,3.71,0.9,19.44,34.92,12.19,3.65,1.74,5.46,7.8,17.27,2024-06-2816:05:18
	(318,0,Dicki-Reilly,3.75,4.03,1.04,21.68,43.2,10.65,3.67,2.73,5.05,7.88,13.45,2024-06-2816:05:19
	(319,0,Dicki-Reilly,2.72,5.39,1.02,18.52,50.12,8.62,5.04,2.74,4.46,6.05,12.51,2024-06-2816:05:20
	(320,0,Dicki-Reilly,3.04,4.26,0.89,21.74,52.77,12.43,4.76,2,3.72,5.57,16.63,2024-06-2816:05:21
	(321,0,Dicki-Reilly,3.65,5.43,1.28,25.82,43.24,13.62,4.85,1.92,3.91,5.14,14.9,2024-06-2816:05:22
	(322,0,Dicki-Reilly,3.04,3.49,1.18,17.2,37.69,11.81,4.58,2.36,3.53,6.36,16.25,2024-06-2816:05:23
	(323,0,Dicki-Reilly,3.18,3.6,1.38,20.31,44.88,11.63,5.54,2.22,3.75,5.39,19.22,2024-06-2816:05:24
	(324,0,Dicki-Reilly,3.82,4.48,1.24,19.45,45.05,10.56,4.6,2.68,4.94,7.9,15.77,2024-06-2816:05:25
	(325,0,Dicki-Reilly,2.95,4.7,1.28,27.05,51.28,12.57,4.29,2.2,5.03,7.88,12.09,2024-06-2816:05:26
	(326,0,Dicki-Reilly,2.61,4.2,0.92,22.4,54.17,9.04,4.56,2.29,4,6.37,18.24,2024-06-2816:05:27
	(327,0,Dicki-Reilly,2.82,4.64,1.13,22.98,54.11,9.2,5.44,1.85,3.56,7.53,18.46,2024-06-2816:05:28
	(328,0,Dicki-Reilly,2.67,4.76,1.03,18.96,41.67,10.7,4.69,1.81,4.19,8.03,19.16,2024-06-2816:05:29
	(329,0,Dicki-Reilly,3.4,4.39,1.08,21.2,50.31,12.42,3.81,2.65,4.6,7.45,12.23,2024-06-2816:05:31
	(330,0,Dicki-Reilly,3.06,5.41,1.03,16.71,42.7,11.89,4.97,1.85,3.99,5.99,17.31,2024-06-2816:05:32
	(331,0,Dicki-Reilly,3.79,3.54,1.23,22.64,44.93,8.99,5.54,1.95,4.01,7.61,16.94,2024-06-2816:05:33
	(332,0,Dicki-Reilly,2.98,4.4,0.97,18.19,49.83,13.85,3.96,2.59,5.43,6.02,13.77,2024-06-2816:05:34
	(333,0,Dicki-Reilly,3.21,4.04,1.34,27.44,49.13,13.24,3.48,2.26,3.66,7.13,12.88,2024-06-2816:05:35
	(334,0,Dicki-Reilly,3.2,3.88,1.29,17.16,54.87,12.75,4.82,2.23,4.38,6.6,15.07,2024-06-2816:05:36
	(335,0,Dicki-Reilly,3.67,5.06,1.31,22.23,42.58,13.46,4.44,2.05,5.16,6.51,16.33,2024-06-2816:05:37
	(336,0,Dicki-Reilly,3.08,4.08,1.34,16.82,40.59,9.57,4.34,1.79,3.65,5.58,15.36,2024-06-2816:05:38
	(337,0,Dicki-Reilly,3.8,5.2,1.21,22.7,43.99,11.31,3.44,2.32,3.82,8.32,13.59,2024-06-2816:05:39
	(338,0,Dicki-Reilly,3.49,3.9,0.92,19.54,43.22,9.43,5.32,2.51,4.12,6.2,16.56,2024-06-2816:05:40
	(339,0,Dicki-Reilly,2.99,4.81,1.23,26.3,38.98,11.45,4.95,1.99,3.79,6.87,14,2024-06-2816:05:41
	(340,0,Dicki-Reilly,2.82,5.09,1.08,19,45.94,11.75,4.22,2.38,5.17,5.61,13.16,2024-06-2816:05:42
	(341,0,Dicki-Reilly,3.58,4.47,1.05,17.84,40.8,11.29,4.74,1.81,4.55,7.75,13,2024-06-2816:05:43
	(342,0,Dicki-Reilly,4.01,3.64,1,17.67,54.33,12.03,5.49,1.74,3.63,5.5,17.77,2024-06-2816:05:44
	(343,0,Dicki-Reilly,3.12,3.71,1.39,23.61,47.99,10.47,5.48,1.94,3.62,6.66,12.64,2024-06-2816:05:45
	(344,0,Dicki-Reilly,3.59,4.2,1.1,17.07,52.86,10.81,4.12,2.46,3.71,8.27,18.64,2024-06-2816:05:46
	(345,0,Dicki-Reilly,2.54,4.81,0.97,18.04,39.42,11.66,3.69,2.02,3.52,5.96,18.14,2024-06-2816:05:47
	(346,0,Dicki-Reilly,3.91,5.19,0.85,27.35,34.01,13.73,4.09,2.11,4.71,7.46,18.22,2024-06-2816:05:48
	(347,0,Dicki-Reilly,2.79,4.55,0.95,25.33,42.43,10.98,4.15,2.06,4.98,7.33,15.82,2024-06-2816:05:49
	(348,0,Dicki-Reilly,3.19,3.33,1.2,27.6,50.39,13.16,5.05,2.37,5.04,6.67,13.15,2024-06-2816:05:50
	(349,0,Dicki-Reilly,3.22,5.21,0.87,19.86,53.31,8.41,4.74,2.75,3.68,7.06,11.86,2024-06-2816:05:51
	(350,0,Dicki-Reilly,4.02,5.43,0.86,24.85,45.78,11.39,4.92,2.25,5.54,7.87,12.29,2024-06-2816:05:52
	(351,0,Dicki-Reilly,4.14,4.97,1.11,19.14,55.03,13.29,4.46,2.44,3.82,5.21,14.48,2024-06-2816:05:53
	(352,0,Dicki-Reilly,2.84,4.48,1.09,22.11,40.53,9.84,4.64,1.73,3.58,7.9,13.65,2024-06-2816:05:54
	(353,0,Dicki-Reilly,3.38,3.41,1.2,19.88,48.66,10.66,5.31,2.11,3.53,6.3,17.41,2024-06-2816:05:55
	(354,0,Dicki-Reilly,3.83,3.72,1.01,25.92,50.56,12.39,4.75,2.49,4.63,5.03,16.42,2024-06-2816:05:56
	(355,0,Dicki-Reilly,3.72,3.84,0.9,24.4,47.94,8.35,5.14,1.81,5.17,6.5,11.71,2024-06-2816:05:57
	(356,0,Dicki-Reilly,3.56,5.3,1.3,26.18,47.52,13.79,5.3,2.15,4.36,7.23,12.42,2024-06-2816:05:58
	(357,0,Dicki-Reilly,3.46,4.91,0.91,18.97,53.32,11.32,4.14,2.76,5.23,5.74,12.76,2024-06-2816:05:59
	(358,0,Dicki-Reilly,3.99,3.63,1.1,20.65,47.37,11.23,5.29,1.96,3.82,7.09,14.92,2024-06-2816:06:00
	(359,0,Dicki-Reilly,2.97,4.92,1.31,22.87,50.24,8.87,4.76,1.93,5.54,7.88,13.15,2024-06-2816:06:01
	(360,0,Dicki-Reilly,2.99,4.81,0.84,20.96,38.91,13.07,3.85,2.32,5.16,7.93,13.85,2024-06-2816:06:02
	(361,0,Dicki-Reilly,3.28,5.15,1.21,19.41,54.59,10.95,3.62,1.88,5.1,5.42,13.44,2024-06-2816:06:03
	(362,0,Dicki-Reilly,2.8,5.23,1.09,25.12,40.36,11.91,5.39,2.27,5.05,5.5,18.42,2024-06-2816:06:04
	(363,0,Dicki-Reilly,4.06,3.85,1.22,17.37,54.81,12.1,4.06,2.65,3.51,5.16,12.59,2024-06-2816:06:05
	(364,0,Dicki-Reilly,2.94,4.06,1.3,17.38,38.72,9.79,5.42,2.15,3.76,8,14.57,2024-06-2816:06:06
	(365,0,Dicki-Reilly,2.88,3.9,1.38,20.52,42.77,12.63,5.45,1.79,4.3,7.84,14.77,2024-06-2816:06:07
	(366,0,Dicki-Reilly,3.98,5.29,0.9,25.69,50.7,13.06,4.59,2.03,4.06,7.19,16.5,2024-06-2816:06:08
	(367,0,Dicki-Reilly,3.06,4.13,0.87,19.81,40.12,10.47,4.14,2.09,5.44,6.44,14.17,2024-06-2816:06:09
	(368,0,Dicki-Reilly,2.87,4.09,1.1,18.93,37.69,10.23,4.16,2.41,3.68,7.96,14.45,2024-06-2816:06:10
	(369,0,Dicki-Reilly,2.56,5.35,1.09,18.12,39.85,13.34,4.57,2.47,4.24,6.19,18.39,2024-06-2816:06:11
	(370,0,Dicki-Reilly,2.91,3.37,0.87,26.32,37.26,13.85,4.55,1.72,4.56,7.68,17.14,2024-06-2816:06:12
	(371,0,Dicki-Reilly,3.97,4.31,1.22,21.41,46.64,10.5,3.44,2.04,4.57,6.27,15.21,2024-06-2816:06:13
	(372,0,Dicki-Reilly,2.65,4.91,1.04,18.59,48.89,13.19,5.32,1.69,4.81,7.24,19.22,2024-06-2816:06:14
	(373,0,Dicki-Reilly,2.62,4.04,0.97,25.44,49.86,8.57,5.18,2.59,3.43,7.64,14.57,2024-06-2816:06:15
	(374,0,Dicki-Reilly,3.07,3.76,1.33,27.17,52.53,11.51,3.69,2.72,4.01,6.77,13.86,2024-06-2816:06:16
	(375,0,Dicki-Reilly,3.83,4.4,1.29,27.28,38.78,9.58,4.07,2.47,4.18,6.54,17.85,2024-06-2816:06:17
	(376,0,Dicki-Reilly,3.69,5.13,1.26,23.72,54.31,8.53,4.99,2.06,4.98,5.83,17.63,2024-06-2816:06:18
	(377,0,Dicki-Reilly,2.69,4.57,1.33,16.7,46.49,10.74,4.44,1.83,3.51,5.36,13.5,2024-06-2816:06:19
	(378,0,Dicki-Reilly,2.95,4.5,1.14,17.24,45.08,10.35,5.05,2.78,3.54,6.2,12.57,2024-06-2816:06:20
	(379,0,Dicki-Reilly,3.34,3.98,1.27,26.45,46.21,11.71,5.27,1.87,4.53,7.41,14.27,2024-06-2816:06:21
	(380,0,Dicki-Reilly,2.59,4.71,1.11,20.47,46.23,13.88,3.4,1.79,3.46,7.8,11.69,2024-06-2816:06:22
	(381,0,Dicki-Reilly,3.6,5.55,1.05,21.17,46.98,9.56,4.72,1.84,4.55,5.77,11.87,2024-06-2816:06:23
	(382,0,Dicki-Reilly,3.81,4.98,0.99,20.97,50.99,10.23,5.5,1.93,3.55,7.05,12.58,2024-06-2816:06:24
	(383,0,Dicki-Reilly,3.52,4.62,1.07,26.39,47.53,11.33,5.42,1.87,4.11,7.78,19.29,2024-06-2816:06:25
	(384,0,Dicki-Reilly,2.98,5.34,1.18,18.6,37.35,12.14,4.43,2.63,5.5,5.74,16.53,2024-06-2816:06:26
	(385,0,Dicki-Reilly,2.77,3.77,0.84,23.57,52.51,12.2,4.44,2.62,4.11,5.62,14.09,2024-06-2816:06:27
	(386,0,Dicki-Reilly,3.14,4.9,1.22,21.65,37.12,12.25,5.17,2.41,4.64,5.24,15.72,2024-06-2816:06:28
	(387,0,Dicki-Reilly,3.76,5.25,1.24,27.49,44.99,13.15,4.54,2.36,3.73,7.97,12.58,2024-06-2816:06:29
	(388,0,Dicki-Reilly,2.53,3.36,1.29,21.39,34.9,13.79,3.73,2.41,5.07,7.2,19.23,2024-06-2816:06:30
	(389,0,Dicki-Reilly,2.88,4.72,0.94,21.44,50.56,10.39,3.54,2.29,4.34,5.98,17.3,2024-06-2816:06:31
	(390,0,Dicki-Reilly,2.85,5.49,1,25.02,47.74,11.4,3.36,2.53,4.74,5.45,15.58,2024-06-2816:06:32
	(391,0,Dicki-Reilly,4.05,5.35,1.16,21.12,43.3,9.04,3.83,1.81,4.84,8.09,15.57,2024-06-2816:06:33
	(392,0,Dicki-Reilly,3.72,4.19,0.98,26.39,42.87,13.69,5.05,1.82,4.6,5.29,18.75,2024-06-2816:06:34
	(393,0,Dicki-Reilly,3.05,4.36,1.15,25.16,42.88,10.6,4.09,2.36,5.16,5.77,16,2024-06-2816:06:35
	(394,0,Dicki-Reilly,3,5.33,0.86,23.19,48.77,13.13,5.23,1.82,3.87,7.23,18.14,2024-06-2816:06:36
	(395,0,Dicki-Reilly,3.58,4.84,1.33,17.17,50.12,11.47,4.48,2.37,4.68,6.07,18.8,2024-06-2816:06:37
	(396,0,Dicki-Reilly,3.31,5.2,0.83,23.69,39.13,9.05,4.51,2.09,4.32,5.16,11.85,2024-06-2816:06:38
	(397,0,Dicki-Reilly,2.91,4.52,0.9,24.26,33.36,10.27,4.7,2.15,4.86,5.71,14.37,2024-06-2816:06:39
	(398,0,Dicki-Reilly,2.99,5.55,0.95,22.66,49.42,10.62,5.47,1.91,5.37,7.72,16.78,2024-06-2816:06:40
	(399,0,Dicki-Reilly,3.67,3.53,1.11,21.77,35.95,10.14,5.05,2.73,4.56,5.77,13.43,2024-06-2816:06:41
	(400,0,Dicki-Reilly,3.49,3.85,0.88,23.92,36.72,13.17,3.58,2.69,4.75,5.28,14.26,2024-06-2816:06:42
	(401,0,Dicki-Reilly,3.79,3.82,1.06,19.71,49.14,9.27,5.01,2.34,5.31,7.9,15.26,2024-06-2816:06:43
	(402,0,Dicki-Reilly,3.18,5.45,0.85,24.73,37.22,13.08,4.95,2.2,4.19,7.26,12.67,2024-06-2816:06:44
	(403,0,Dicki-Reilly,3.56,4.46,0.89,21.71,52.26,9.95,4.69,2.15,5.44,8.04,13.57,2024-06-2816:06:45
	(404,0,Dicki-Reilly,2.96,4.51,1.03,24.93,52.89,10.79,4.43,1.97,3.89,5.64,15.75,2024-06-2816:06:46
	(405,0,Dicki-Reilly,3.26,4.16,1.2,19.83,46.76,10.6,3.7,2.09,4.47,6.29,19.03,2024-06-2816:06:47
	(406,0,Dicki-Reilly,3.19,5.34,1.22,23.21,47.26,13.01,3.77,2.11,4.23,7.33,18.55,2024-06-2816:06:48
	(407,0,Dicki-Reilly,3.52,4.04,1.33,23.45,38.43,12.68,3.52,2.47,5.22,5.25,16.1,2024-06-2816:06:49
	(408,0,Dicki-Reilly,3.61,5.18,1.05,24.7,49.4,13.73,5.22,2.57,4.2,7.69,12.99,2024-06-2816:06:50
	(409,0,Dicki-Reilly,2.79,4.87,1.12,21.78,35.12,9.4,3.49,1.95,3.57,7.03,15.21,2024-06-2816:06:51
	(410,0,Dicki-Reilly,2.54,5.53,1.18,22.24,54.05,11.56,4.83,2.18,3.75,5.02,19.26,2024-06-2816:06:52
	(411,0,Dicki-Reilly,3.24,4.08,1.05,24.02,46.55,11.35,4.39,2.35,4.27,8.14,18.4,2024-06-2816:06:53
	(412,0,Dicki-Reilly,3.51,3.81,1.37,25.93,46.45,11.14,5.24,2.73,4.68,5.79,18.75,2024-06-2816:06:54
	(413,0,Dicki-Reilly,3.59,4.39,0.92,26.21,34.59,8.53,3.83,1.75,4.73,6.05,17.69,2024-06-2816:06:55
	(414,0,Dicki-Reilly,3.45,5.31,0.86,22.91,45.23,10.95,4.58,2.49,4.93,7.82,12.4,2024-06-2816:06:56
	(415,0,Dicki-Reilly,3.07,3.68,1.01,17.05,35,11.82,4.55,2.41,4.75,7.28,16.07,2024-06-2816:06:57
	(416,0,Dicki-Reilly,3.42,3.48,1.34,25.25,52.52,9.79,5.35,1.78,3.83,8.09,18.16,2024-06-2816:06:58
	(417,0,Dicki-Reilly,4.15,4.83,1.29,20.76,46.73,11.74,4.31,2.1,4.65,7.18,16.55,2024-06-2816:06:59
	(418,0,Dicki-Reilly,2.72,4.09,0.98,26.91,52.63,10.01,3.99,2.47,3.56,7.49,15.95,2024-06-2816:07:00
	(419,0,Dicki-Reilly,3.65,5.31,1.05,25.59,47.74,8.82,5.5,2.69,3.76,7.54,14.47,2024-06-2816:07:01
	(420,0,Dicki-Reilly,3.35,3.53,1.15,23.33,51.51,9.81,4.94,1.87,4.95,6.89,14.99,2024-06-2816:07:02
	(421,0,Dicki-Reilly,3.11,5.54,1.17,27.04,48.32,10.36,5.06,1.9,3.88,5.72,16.11,2024-06-2816:07:03
	(422,0,Dicki-Reilly,3.09,3.8,0.94,25.57,39.16,10.4,3.58,1.86,3.82,6.84,16.32,2024-06-2816:07:04
	(423,0,Dicki-Reilly,3.48,4.63,0.86,24.49,37.74,12.35,5.3,1.91,3.43,6.86,16.86,2024-06-2816:07:05
	(424,0,Dicki-Reilly,3.73,4.87,1.32,23.06,45.31,9.21,4.85,2.46,3.63,5.49,14.86,2024-06-2816:07:06
	(425,0,Dicki-Reilly,2.89,3.62,0.89,23.54,45.26,13.32,4.02,2.65,5.43,5.23,13.21,2024-06-2816:07:07
	(426,0,Dicki-Reilly,2.91,3.72,0.92,18.04,48.99,12.16,3.77,1.91,4.61,6.91,19.39,2024-06-2816:07:08
	(427,0,Dicki-Reilly,3.34,3.93,0.97,22.26,42.12,9.21,3.44,1.7,4.9,6.6,15.19,2024-06-2816:07:09
	(428,0,Dicki-Reilly,2.79,5,1.21,19.98,42.76,9,4.75,2.06,3.58,6.73,13.81,2024-06-2816:07:10
	(429,0,Dicki-Reilly,2.8,5.4,0.9,22.55,49.05,11.16,5.09,2.17,3.4,5.3,13.55,2024-06-2816:07:11
	(430,0,Dicki-Reilly,2.68,3.34,1.25,18.83,53.17,13.13,3.37,2.19,3.42,7.86,11.93,2024-06-2816:07:12
	(431,0,Dicki-Reilly,3.8,4.36,1.06,19.17,35.06,13.01,4.54,1.67,4.59,7.2,17.75,2024-06-2816:07:13
	(432,0,Dicki-Reilly,2.53,4.72,1.11,25.89,41.97,9.93,3.97,2.71,4.96,6.03,13.22,2024-06-2816:07:14
	(433,0,Dicki-Reilly,3.51,3.69,1.07,23.1,48.81,8.59,5.51,2.13,3.95,7.8,16.41,2024-06-2816:07:15
	(434,0,Dicki-Reilly,2.59,5.04,0.88,18.88,54.34,12.58,4.11,2.32,4.76,6.45,15.78,2024-06-2816:07:16
	(435,0,Dicki-Reilly,2.53,4.83,1,23.47,50.75,10.21,5.37,1.83,3.5,6.4,13.51,2024-06-2816:07:17
	(436,0,Dicki-Reilly,4.1,4.99,1.02,17.1,51.41,9.86,4.15,1.77,3.46,7.23,14.09,2024-06-2816:07:18
	(437,0,Dicki-Reilly,3.42,5.29,0.94,20.88,53.63,12.43,3.86,1.74,4.92,8.13,19.15,2024-06-2816:07:19
	(438,0,Dicki-Reilly,3.61,5.15,1.11,17.58,50.14,9.89,4.36,1.71,5.26,7.53,17.92,2024-06-2816:07:20
	(439,0,Dicki-Reilly,3.76,4.18,1.03,17.26,52.98,9.74,4.87,2.47,4.58,5.02,15.39,2024-06-2816:07:21
	(440,0,Dicki-Reilly,2.89,4.85,1.11,18.28,34.66,9.95,4.9,2.05,5.44,6.66,15.19,2024-06-2816:07:22
	(441,0,Dicki-Reilly,2.81,4.81,1.09,22.09,33.43,8.36,4.78,2.71,4.83,7.66,13.48,2024-06-2816:07:23
	(442,0,Dicki-Reilly,3.33,4.63,0.87,25.7,43.59,11.27,3.65,2.74,3.98,5.5,17.31,2024-06-2816:07:24
	(443,0,Dicki-Reilly,3.25,4.93,0.96,16.68,54.7,11.1,3.65,2.71,3.93,5.2,12.19,2024-06-2816:07:25
	(444,0,Dicki-Reilly,2.76,3.6,1.36,19.65,50.41,13.42,4.61,1.95,4.57,6.44,14.53,2024-06-2816:07:26
	(445,0,Dicki-Reilly,2.88,5.19,0.85,26.97,37.14,9.29,5.39,1.92,3.81,6.36,16.12,2024-06-2816:07:27
	(446,0,Dicki-Reilly,3.98,4.48,0.95,21.21,54.07,9.04,5.26,2.22,4.98,6.08,16.8,2024-06-2816:07:28
	(447,0,Dicki-Reilly,2.59,4.88,1.19,19.89,47.33,12.51,4.57,2.44,3.89,6.53,11.78,2024-06-2816:07:29
	(448,0,Dicki-Reilly,3.13,5.42,1.13,17.47,43.48,13.45,4.95,1.73,3.87,7.13,13.51,2024-06-2816:07:30
	(449,0,Dicki-Reilly,3.69,3.39,1.13,19.89,48.26,8.43,5.13,2.52,3.61,7.79,12.26,2024-06-2816:07:31
	(450,0,Dicki-Reilly,2.97,4.19,1.31,19.33,48.08,9.27,3.98,2.67,3.41,5.45,17.62,2024-06-2816:07:32
	(451,0,Dicki-Reilly,3.29,4.68,1.16,18.54,48.58,8.86,4.04,2.59,5.41,5.33,14.48,2024-06-2816:07:33
	(452,0,Dicki-Reilly,3.06,5.07,1.08,22.38,50.84,9.7,3.56,1.75,4.45,5.6,16.31,2024-06-2816:07:34
	(453,0,Dicki-Reilly,2.84,4.57,1.08,25.32,43.37,13.42,4.88,2.2,4.98,7.49,18.84,2024-06-2816:07:35
	(454,0,Dicki-Reilly,4.08,5.04,0.87,17.84,37.91,12.34,5.46,2.5,4.21,7.54,17.6,2024-06-2816:07:36
	(455,0,Dicki-Reilly,2.57,4.85,1.35,21.3,40.77,10.96,5.16,2.24,3.66,6.65,17.2,2024-06-2816:07:37
	(456,0,Dicki-Reilly,3.1,4.04,0.97,23.22,48.71,9.91,4.17,2.12,5.35,8.25,12.73,2024-06-2816:07:38
	(457,0,Dicki-Reilly,2.96,4.33,1.04,23.28,47.99,11.78,4.66,2.15,3.53,7.42,16.82,2024-06-2816:07:39
	(458,0,Dicki-Reilly,4.05,3.41,1.07,26.27,39.84,13.6,4.1,2.06,4.12,5.33,19.14,2024-06-2816:07:40
	(459,0,Dicki-Reilly,3.04,4.43,1.11,17.65,52.48,12.43,4.34,1.86,4.28,6.03,12.67,2024-06-2816:07:41
	(460,0,Dicki-Reilly,3.45,4.49,1.37,25.9,44.14,13.17,4.34,2.56,4.48,7.91,12.15,2024-06-2816:07:42
	(461,0,Dicki-Reilly,4.16,4.52,1.17,25.43,52.02,8.41,5.15,2.34,4.85,6.3,12.33,2024-06-2816:07:43
	(462,0,Dicki-Reilly,3.15,5.23,1.31,22.69,45.84,9.63,5.01,1.81,4.65,7.94,14.81,2024-06-2816:07:44
	(463,0,Dicki-Reilly,3.7,3.97,1.19,17.25,36.81,12.87,5.28,2.49,4.29,7.06,17.05,2024-06-2816:07:45
	(464,0,Dicki-Reilly,4.09,4.7,0.94,20.17,48.26,13.46,4.92,1.79,3.42,5.33,12.43,2024-06-2816:07:46
	(465,0,Dicki-Reilly,3.68,4.57,1.2,17.05,41.73,8.44,4.13,2.28,4.46,6.29,11.68,2024-06-2816:07:47
	(466,0,Dicki-Reilly,2.62,3.82,1.15,19.28,45.7,10.48,3.52,2.7,4.61,8.17,12.77,2024-06-2816:07:48
	(467,0,Dicki-Reilly,3.79,5.14,1.2,22.44,40.03,8.37,5.11,2.28,5.41,5.07,16.17,2024-06-2816:07:49
	(468,0,Dicki-Reilly,3.82,5.23,0.95,22.05,47.1,13.36,3.76,2.53,4.25,6.27,15.38,2024-06-2816:07:50
	(469,0,Dicki-Reilly,4.04,4.74,1.29,20.85,36.68,10.66,4.43,2.26,4.15,7.31,16.52,2024-06-2816:07:51
	(470,0,Dicki-Reilly,3.33,3.74,1.04,23.24,51.32,10.75,5.16,2.55,3.39,7.65,17.04,2024-06-2816:07:52
	(471,0,Dicki-Reilly,2.69,3.53,1.03,25.94,35.9,11.37,4.53,2.25,4.05,5.88,18.83,2024-06-2816:07:53
	(472,0,Dicki-Reilly,2.86,4.46,1.1,17.32,36.16,8.64,3.82,2.34,5.11,8.16,12.51,2024-06-2816:07:54
	(473,0,Dicki-Reilly,3.67,4.99,1.04,17.4,49.22,12.46,4.86,2.02,3.35,5.13,16.41,2024-06-2816:07:55
	(474,0,Dicki-Reilly,4.05,3.46,1.07,18.02,34.54,10.72,4.4,2.32,4.01,7.4,17.09,2024-06-2816:07:56
	(475,0,Dicki-Reilly,3.54,3.36,1.3,23.33,53.63,12.46,4.22,1.74,5.28,7,13.84,2024-06-2816:07:57
	(476,0,Dicki-Reilly,3.35,5.13,1.2,26.67,40.53,8.83,3.47,2.37,5.41,8.21,12.5,2024-06-2816:07:58
	(477,0,Dicki-Reilly,3.8,5.19,1.14,19.61,51.01,8.59,4.66,2.25,3.88,7.67,12.48,2024-06-2816:07:59
	(478,0,Dicki-Reilly,3.09,3.8,0.9,24.67,49.23,12.73,4.74,2.26,3.9,5.74,16.83,2024-06-2816:08:00
	(479,0,Dicki-Reilly,3.8,3.57,0.88,21.27,43.97,13.14,3.56,2.06,5.46,6.22,16.44,2024-06-2816:08:01
	(480,0,Dicki-Reilly,2.71,5.3,1.01,26.39,40.82,8.42,4.51,1.74,3.49,6.1,18.06,2024-06-2816:08:02
	(481,0,Dicki-Reilly,2.83,3.67,1.16,25.94,42.21,11.08,4.89,1.81,5.06,7.42,14.94,2024-06-2816:08:03
	(482,0,Dicki-Reilly,2.56,3.86,1.12,20.46,51.85,11.74,5.5,2.16,5.05,7.37,16.77,2024-06-2816:08:04
	(483,0,Dicki-Reilly,3.57,3.78,0.84,17.64,38.03,12.48,5.01,1.9,3.87,6.35,13.59,2024-06-2816:08:05
	(484,0,Dicki-Reilly,3.7,3.74,1,23.76,38.44,9.98,4.12,2.04,5.42,5.86,12.26,2024-06-2816:08:06
	(485,0,Dicki-Reilly,2.64,5.21,1.24,25.13,54.78,13.24,4.24,2.34,3.7,7.46,12.72,2024-06-2816:08:07
	(486,0,Dicki-Reilly,2.74,3.56,1.04,23.35,34.17,9.06,5.4,2.24,4.65,5.68,12.73,2024-06-2816:08:08
	(487,0,Dicki-Reilly,2.54,3.52,1.06,18.13,36.52,10.01,4.95,1.95,4.37,8.16,15.05,2024-06-2816:08:09
	(488,0,Dicki-Reilly,3.72,3.6,1.07,22.96,52.2,11.23,4.04,2.48,5.19,5.04,16.48,2024-06-2816:08:11
	(489,0,Dicki-Reilly,3.07,3.93,1.01,19.92,40.09,8.98,3.7,1.82,3.38,5.54,19.22,2024-06-2816:08:12
	(490,0,Dicki-Reilly,2.89,3.62,1.29,27.03,41.69,9.03,5.41,2.75,4.96,6.12,13.31,2024-06-2816:08:13
	(491,0,Dicki-Reilly,3.07,4.57,1.2,27.28,49.64,13.11,5.04,2.08,3.98,6.48,15.09,2024-06-2816:08:14
	(492,0,Dicki-Reilly,2.9,3.69,0.86,20.11,53.86,10.49,3.79,2.64,5.1,7.3,17.97,2024-06-2816:08:15
	(493,0,Dicki-Reilly,2.66,3.98,1.03,25.48,35.07,10.54,3.59,2.71,5.08,5.36,16.33,2024-06-2816:08:16
	(494,0,Dicki-Reilly,2.93,4.64,0.94,18.48,38.69,13.22,3.76,2.25,5.28,6.99,17.26,2024-06-2816:08:17
	(495,0,Dicki-Reilly,3.06,4.13,1.31,19.55,52,11.51,5.49,2.11,3.71,8.18,12.95,2024-06-2816:08:18
	(496,0,Dicki-Reilly,3.16,4.52,1.22,17.23,35.09,11.16,4.9,2.02,3.49,7.81,18.39,2024-06-2816:08:19
	(497,0,Dicki-Reilly,3.52,4.1,0.9,25.68,53.81,10.52,5.15,2.33,4.13,6.44,12.25,2024-06-2816:08:20
	(498,0,Dicki-Reilly,3.74,4.76,0.99,18.61,55.25,13.34,3.42,2.72,3.71,6.32,18.71,2024-06-2816:08:21
	(499,0,Dicki-Reilly,3.53,4.4,1.15,19.97,36.27,12.99,5.32,2.25,5.51,7.96,17.57,2024-06-2816:08:22
	(500,0,Dicki-Reilly,3.75,4.96,1.26,18.52,51.71,11.08,4.56,2.55,4.34,6.38,15.1,2024-06-2816:08:23
	(501,0,Dicki-Reilly,3.3,4.99,1.04,18.68,42.29,12.86,3.89,2.15,3.39,6.02,18.18,2024-06-2816:08:24
	(502,0,Dicki-Reilly,2.97,3.72,1.07,26.32,45.68,9.67,5.51,1.97,4.04,8.29,18.1,2024-06-2816:08:25
	(503,0,Dicki-Reilly,3.21,4.8,0.85,17.44,33.74,10.49,5.44,2.06,4.39,6.32,13.28,2024-06-2816:08:26
	(504,0,Dicki-Reilly,3.39,4.02,0.91,24.81,42.72,12.72,4.88,2.02,4.82,6.81,18.29,2024-06-2816:08:27
	(505,0,Dicki-Reilly,2.91,5.22,1.29,21.11,50.23,12.18,4.56,2.61,4.22,5.39,18.61,2024-06-2816:08:28
	(506,0,Dicki-Reilly,3.99,3.37,1.04,18.58,39.28,11.25,3.67,2.06,4.59,8.21,19.31,2024-06-2816:08:29
	(507,0,Dicki-Reilly,3.54,4.35,1.16,26.8,37.87,9.79,3.36,1.67,4.97,7.37,14.64,2024-06-2816:08:30
	(508,0,Dicki-Reilly,3.1,4.76,1.13,20.56,40.45,10.99,5.08,2.21,5.06,6.16,13.61,2024-06-2816:08:31
	(509,0,Dicki-Reilly,2.72,5.41,1.01,24.91,44.6,9.11,5.08,1.79,3.79,7.96,15.93,2024-06-2816:08:32
	(510,0,Dicki-Reilly,3.77,4.81,0.99,21.3,35.25,13.78,4.98,2.63,5.24,7.46,14.29,2024-06-2816:08:33
	(511,0,Dicki-Reilly,3.57,3.77,1.22,23.45,38.25,8.96,4.56,2.46,3.56,6.8,18.32,2024-06-2816:08:34
	(512,0,Dicki-Reilly,3.93,4.09,1.38,16.78,49.84,11.78,4.35,2.18,4.23,6.89,14.59,2024-06-2816:08:35
	(513,0,Dicki-Reilly,3.45,4.6,1.09,24.47,54.22,8.84,3.79,1.78,3.63,7.57,12.27,2024-06-2816:08:36
	(514,0,Dicki-Reilly,3.17,4.3,1.25,22.93,39.57,12.93,5.16,1.9,5.24,5.07,17.53,2024-06-2816:08:37
	(515,0,Dicki-Reilly,3.83,4.74,1.38,26.41,44.49,13.07,4.27,2.17,4.77,5.48,12.31,2024-06-2816:08:38
	(516,0,Dicki-Reilly,3.14,3.52,1.33,24.6,46.87,10.28,3.54,2.39,3.39,6.67,18.84,2024-06-2816:08:39
	(517,0,Dicki-Reilly,3.02,3.78,0.97,18.46,34.92,8.43,4.63,2.58,3.74,7.53,16.67,2024-06-2816:08:40
	(518,0,Dicki-Reilly,3.11,4.26,0.98,17.64,52.07,11.25,4.09,2.35,5.06,7.2,17.59,2024-06-2816:08:41
	(519,0,Dicki-Reilly,3.72,3.42,1.09,27.15,47.31,9.88,5.22,2.17,3.82,6.67,13.35,2024-06-2816:08:42
	(520,0,Dicki-Reilly,3.17,3.86,1.09,24.79,34.53,12.08,3.61,2.16,4.76,8.23,15.35,2024-06-2816:08:43
	(521,0,Dicki-Reilly,2.85,3.4,1.14,24.44,35.48,9.96,5.49,1.8,4.28,6.01,12.2,2024-06-2816:08:44
	(522,0,Dicki-Reilly,2.63,5.49,0.99,22.39,39.02,8.68,5.07,2.13,4.29,6.87,17.58,2024-06-2816:08:45
	(523,0,Dicki-Reilly,2.68,3.69,0.97,17.32,48.71,11.1,5.54,2.65,5.09,6.75,14.88,2024-06-2816:08:46
	(524,0,Dicki-Reilly,2.86,5.04,0.95,25.09,54.01,9.35,3.46,1.77,5.44,5.8,16.49,2024-06-2816:08:47
	(525,0,Dicki-Reilly,3.26,3.88,1.34,23.81,54.3,11.33,4.3,1.89,4.77,5.91,17.52,2024-06-2816:08:48
	(526,0,Dicki-Reilly,4.03,4.06,1.34,18.5,51.8,12.06,5.37,2.23,4.39,8.22,14.6,2024-06-2816:08:49
	(527,0,Dicki-Reilly,3.81,3.79,1.38,27.58,49.14,13.66,5.54,1.78,4.97,6.89,17.44,2024-06-2816:08:50
	(528,0,Dicki-Reilly,3.69,5.11,1.18,22.92,43.99,9.53,5.13,1.81,3.78,5.51,14.37,2024-06-2816:08:51
	(529,0,Dicki-Reilly,3.57,5.14,1.18,22.37,37.48,9.32,4.72,2.47,4.98,8.33,16.59,2024-06-2816:08:52
	(530,0,Dicki-Reilly,3.32,4.82,1.25,21.05,42.82,12.17,3.71,1.78,3.7,7.54,18.22,2024-06-2816:08:53
	(531,0,Dicki-Reilly,3.11,4.92,1.17,23.43,46.02,12.38,4.61,2.22,4.29,5.09,14.27,2024-06-2816:08:54
	(532,0,Dicki-Reilly,3.82,4.17,1.04,19.84,38.54,8.64,5.42,2.39,3.34,7.37,11.87,2024-06-2816:08:55
	(533,0,Dicki-Reilly,2.73,4.67,1.19,22.85,33.42,11.01,4.25,1.68,5.19,5.32,16.68,2024-06-2816:08:56
	(534,0,Dicki-Reilly,4.07,3.67,1.16,17.41,37.52,9.79,5.08,1.77,5.47,7.38,16.26,2024-06-2816:08:57
	(535,0,Dicki-Reilly,3.15,3.79,0.87,18.57,41.79,10.08,4.99,1.69,5.1,7.57,19.2,2024-06-2816:08:58
	(536,0,Dicki-Reilly,2.86,3.71,0.94,25.31,39.27,12.14,3.71,2.36,4.23,8.17,12.49,2024-06-2816:08:59
	(537,0,Dicki-Reilly,2.54,4.38,0.97,22.13,45.3,12.11,4.71,2.15,4.81,5.33,17.27,2024-06-2816:09:00
	(538,0,Dicki-Reilly,3.11,4.68,0.87,26.85,48.36,12.99,3.77,2.45,3.43,6.67,18.25,2024-06-2816:09:01
	(539,0,Dicki-Reilly,2.56,4.01,1.07,18.05,47.48,10.74,4.34,2.64,4.4,8.03,12.84,2024-06-2816:09:02
	(540,0,Dicki-Reilly,3.64,3.34,1.1,17.98,51.3,8.4,4.05,2.56,3.59,7.49,15.76,2024-06-2816:09:03
	(541,0,Dicki-Reilly,2.92,3.96,1.09,21.15,51.01,8.63,3.8,2.71,5.27,5.84,13.98,2024-06-2816:09:04
	(542,0,Dicki-Reilly,3.9,3.47,1.22,16.91,37.45,9.9,4.27,2.39,4.93,6.93,11.87,2024-06-2816:09:05
	(543,0,Dicki-Reilly,2.65,4.89,1.21,17.34,35.25,13.59,5.48,2.62,5.05,5.9,15.06,2024-06-2816:09:06
	(544,0,Dicki-Reilly,3.02,3.41,1.15,26.48,47.45,13.25,5.16,2.58,5.27,6.98,12.86,2024-06-2816:09:07
	(545,0,Dicki-Reilly,4.11,3.64,1.15,16.81,50.87,9.7,4.84,2.44,3.92,7.24,14.73,2024-06-2816:09:08
	(546,0,Dicki-Reilly,4.12,5.13,1.31,17.64,51.76,12.05,3.51,1.9,3.98,8.22,13.25,2024-06-2816:09:09
	(547,0,Dicki-Reilly,3.05,5.32,1.34,19.89,36.15,13.49,4.6,2.28,4.99,6.46,15.2,2024-06-2816:09:10
	(548,0,Dicki-Reilly,4.11,3.79,1.15,27.54,38.48,12.72,4.95,2.54,4.15,8.33,12.92,2024-06-2816:09:11
	(549,0,Dicki-Reilly,3.42,3.33,1.12,23.37,48.74,11.02,3.87,2.73,5.05,6.72,12.91,2024-06-2816:09:12
	(550,0,Dicki-Reilly,2.62,5.05,1.18,18.98,37.27,9.85,5,1.99,4.87,7.6,16.05,2024-06-2816:09:13
	(551,0,Dicki-Reilly,3.57,4.64,1.37,26.77,40.78,9.86,3.54,2.45,5.44,6.24,16.95,2024-06-2816:09:14
	(552,0,Dicki-Reilly,4.09,4.04,0.94,20.2,51.95,13.5,5.44,2.51,4.15,5.9,13.87,2024-06-2816:09:15
	(553,0,Dicki-Reilly,3.56,4.29,1.37,26.99,50.83,8.88,5,2.27,5.08,6.84,17.72,2024-06-2816:09:16
	(554,0,Dicki-Reilly,3.62,5.02,1.22,17.23,41.65,11.07,3.41,1.71,5.33,5.27,18.82,2024-06-2816:09:17
	(555,0,Dicki-Reilly,2.87,4.29,1.18,27.23,42.62,13.82,3.79,1.76,4.61,7.86,12.65,2024-06-2816:09:18
	(556,0,Dicki-Reilly,2.77,4.88,0.96,27.41,47.63,10.13,3.82,2.29,4.84,7.89,17.2,2024-06-2816:09:19
	(557,0,Dicki-Reilly,2.78,4.69,1.12,18.26,37.38,12.46,4.56,1.95,3.62,5.31,11.71,2024-06-2816:09:20
	(558,0,Dicki-Reilly,2.68,3.98,1.19,19.16,53.13,11.35,3.97,2.12,3.58,6.07,15.38,2024-06-2816:09:21
	(559,0,Dicki-Reilly,4.08,4.36,0.87,25.18,34.42,8.68,4.53,1.8,4.93,6.55,17.51,2024-06-2816:09:22
	(560,0,Dicki-Reilly,3.05,4.33,1.05,17.77,41.68,13.77,3.73,2.45,5.1,7.93,15.71,2024-06-2816:09:23
	(561,0,Dicki-Reilly,3.81,4.29,1.24,25.96,41.44,8.57,5.3,2.2,5.38,5.01,16.77,2024-06-2816:09:24
	(562,0,Dicki-Reilly,3.66,5.4,1.33,19.46,52.59,9.53,4.47,2.15,5.19,7.4,13.67,2024-06-2816:09:25
	(563,0,Dicki-Reilly,3.95,5.17,1.27,25.35,49.17,12.58,3.93,1.8,5.24,6.31,15.65,2024-06-2816:09:26
	(564,0,Dicki-Reilly,3.66,4,0.97,24.26,52.01,8.82,4.37,2.44,4.93,5.06,14.65,2024-06-2816:09:27
	(565,0,Dicki-Reilly,3.39,3.96,0.84,20.91,41.09,11.09,3.99,1.71,3.44,7.39,17.22,2024-06-2816:09:28
	(566,0,Dicki-Reilly,3.75,4.55,1.25,16.74,34.53,12.17,5.53,1.74,5.05,8.28,13.48,2024-06-2816:09:29
	(567,0,Dicki-Reilly,2.58,3.82,0.84,22.35,49.23,10.26,5.11,2.66,3.8,7.72,15.23,2024-06-2816:09:30
	(568,0,Dicki-Reilly,2.88,3.7,1.25,26.81,48.47,12.71,3.53,2.13,4.76,5.14,19.22,2024-06-2816:09:31
	(569,0,Dicki-Reilly,2.6,4.11,0.84,21,55.06,11.3,5.23,2,3.84,6.7,13.34,2024-06-2816:09:32
	(570,0,Dicki-Reilly,3.4,4.31,1.37,17.56,38.63,10.48,4.59,1.92,3.61,5.32,13.56,2024-06-2816:09:33
	(571,0,Dicki-Reilly,2.81,4.66,1.26,19.37,48.33,9.36,4.69,2.38,4.46,7.46,14.11,2024-06-2816:09:34
	(572,0,Dicki-Reilly,3.89,4.86,0.92,27.56,36.85,10.83,5.09,2.15,4.38,5.4,15.02,2024-06-2816:09:35
	(573,0,Dicki-Reilly,4.04,4.67,1.13,22.13,54.41,11.51,4.15,2.17,4.52,5.28,18.14,2024-06-2816:09:36
	(574,0,Dicki-Reilly,2.91,4.74,1.29,18.63,39.12,12.07,3.42,2.63,4,5.42,17.36,2024-06-2816:09:37
	(575,0,Dicki-Reilly,3.08,5.28,1.21,19.02,50.72,9.98,4.23,2.09,4.64,8.13,15.67,2024-06-2816:09:38
	(576,0,Dicki-Reilly,3.22,4.89,1.36,18.24,51.67,12.62,5.11,2.77,3.95,7.26,16.02,2024-06-2816:09:39
	(577,0,Dicki-Reilly,3.39,3.95,1.12,27.01,42.62,12.42,3.34,2,3.65,7.88,16.19,2024-06-2816:09:40
	(578,0,Dicki-Reilly,2.54,3.88,1.38,17.8,41.08,12.7,5.21,2.46,3.59,7.93,15.36,2024-06-2816:09:41
	(579,0,Dicki-Reilly,2.78,3.68,1.03,19.85,54.21,12.98,3.46,1.73,3.73,6.42,19.19,2024-06-2816:09:42
	(580,0,Dicki-Reilly,2.59,5.43,0.98,21.85,40.78,11.64,3.56,2.37,4.33,6.54,18.83,2024-06-2816:09:43
	(581,0,Dicki-Reilly,3.97,4.71,1.1,27.77,46.15,12.53,3.73,2.57,4.77,5.72,14.15,2024-06-2816:09:44
	(582,0,Dicki-Reilly,3.08,3.36,1.31,27.28,41.4,8.75,3.5,2.19,5.07,7.95,16.41,2024-06-2816:09:45
	(583,0,Dicki-Reilly,3.9,4.76,1.1,17.52,51.27,11.34,3.66,2.42,3.77,7.69,14.61,2024-06-2816:09:46
	(584,0,Dicki-Reilly,3.57,4.02,1.03,16.78,48.35,9.6,3.49,1.88,3.89,5.74,18.44,2024-06-2816:09:47
	(585,0,Dicki-Reilly,3.4,4.59,1.04,16.85,51.79,11.13,4.19,2.07,3.41,8.14,18.37,2024-06-2816:09:48
	(586,0,Dicki-Reilly,3.71,5.11,1.35,17.62,52.11,11.8,3.91,2.45,3.92,6.31,14.29,2024-06-2816:09:49
	(587,0,Dicki-Reilly,2.89,4.43,0.85,26.01,52.16,10.23,4.89,2.46,4.03,5.56,17,2024-06-2816:09:50
	(588,0,Dicki-Reilly,3.95,3.5,1.25,17.2,38.82,10.68,5.28,2.54,4.98,6.38,13.47,2024-06-2816:09:51
	(589,0,Dicki-Reilly,3.04,4.86,1.3,17.77,42.5,12.92,4.24,1.77,5.1,7.19,16.71,2024-06-2816:09:52
	(590,0,Dicki-Reilly,3.4,3.84,1.31,23.13,45.11,11.92,3.41,2.2,4.81,7.32,17.6,2024-06-2816:09:53
	(591,0,Dicki-Reilly,3.51,4.46,0.96,26.69,55.51,8.38,4.43,1.71,3.59,5.58,11.84,2024-06-2816:09:54
	(592,0,Dicki-Reilly,3.12,4.57,0.96,21.65,34.66,12.57,4.87,1.97,5.52,6.76,18.16,2024-06-2816:09:55
	(593,0,Dicki-Reilly,3.6,3.6,1.2,20.73,50.28,8.61,5.38,2.49,4.83,8.28,15.79,2024-06-2816:09:56
	(594,0,Dicki-Reilly,2.9,3.77,1.27,16.8,52.56,12.76,4.81,2.17,3.94,6.2,15.64,2024-06-2816:09:57
	(595,0,Dicki-Reilly,3.19,5.55,0.99,23.86,44.69,11.05,4.61,2.5,4.76,8.19,13.61,2024-06-2816:09:58
	(596,0,Dicki-Reilly,3.14,5,1.35,18.6,51.18,11.52,4.95,2.62,3.57,7.86,15.29,2024-06-2816:09:59
	(597,0,Dicki-Reilly,2.99,3.48,1.23,25.54,48.88,13.22,4.02,2.01,5.18,7.04,15.65,2024-06-2816:10:00
	(598,0,Dicki-Reilly,2.68,3.97,1.21,19.16,34.33,9.72,4.37,2.07,5.09,7.31,16.18,2024-06-2816:10:01
	(599,0,Dicki-Reilly,2.78,4.69,1.2,27.36,38.68,10.61,4.05,1.83,5.14,7.68,16.01,2024-06-2816:10:02
	(600,0,Dicki-Reilly,2.86,4.41,1.24,21.82,41.32,9.13,5.29,2.47,5.4,6.93,14.09,2024-06-2816:10:03
	(601,0,Dicki-Reilly,3.19,5.5,0.89,19.66,42.17,8.37,5.08,2.47,3.35,5.01,18.51,2024-06-2816:10:04
	(602,0,Dicki-Reilly,3.76,4.03,1.28,23.08,45.37,11.08,4.97,2.65,3.72,5.81,18.73,2024-06-2816:10:05
	(603,0,Dicki-Reilly,3.55,5.1,0.91,18.36,34.01,9.16,3.71,2.49,4.71,6.84,14.26,2024-06-2816:10:06
	(604,0,Dicki-Reilly,3.87,3.43,1.09,25.16,43.54,11.56,4.41,2.18,5.16,8.26,18.86,2024-06-2816:10:07
	(605,0,Dicki-Reilly,4.06,5.34,1.3,23.33,39.36,8.49,4.1,2.32,4.34,6.94,18.11,2024-06-2816:10:08
	(606,0,Dicki-Reilly,2.92,3.91,1.3,24.76,42.72,12.41,4.67,1.92,3.75,6.52,17.92,2024-06-2816:10:09
	(607,0,Dicki-Reilly,3.37,5.19,1.1,20.92,44.93,11.96,4.04,2.35,5.19,5.29,13.72,2024-06-2816:10:10
	(608,0,Dicki-Reilly,4.04,4.67,1.08,27.2,39.9,9.98,3.4,2.16,4.51,5.87,19.22,2024-06-2816:10:11
	(609,0,Dicki-Reilly,2.66,5.28,1.3,19.36,39.1,9.31,3.84,2.35,3.78,6.19,15.85,2024-06-2816:10:12
	(610,0,Dicki-Reilly,3.43,4.02,0.96,27.19,37.07,12.35,4.14,2.4,4.67,5.79,14.54,2024-06-2816:10:13
	(611,0,Dicki-Reilly,2.86,3.43,1.07,23.69,38.37,12.67,5.25,1.84,4.81,5.44,15.76,2024-06-2816:10:14
	(612,0,Dicki-Reilly,4.06,4.72,0.97,22.93,46.72,13.73,4.73,2.3,5.12,7.31,15.91,2024-06-2816:10:15
	(613,0,Dicki-Reilly,3.7,4.13,1.11,24.97,39.61,9.89,5.02,1.73,5.28,6.01,19.03,2024-06-2816:10:16
	(614,0,Dicki-Reilly,4.01,5.08,1.13,27.01,54.42,10.01,4.86,2.21,4.15,5.54,17.44,2024-06-2816:10:17
	(615,0,Dicki-Reilly,3,4.62,1.33,21.65,33.68,11.32,4.32,2.63,3.86,5.69,18.7,2024-06-2816:10:18
	(616,0,Dicki-Reilly,3.22,4.88,1.17,25.91,38.08,13.66,4.82,2.53,3.65,6.32,11.82,2024-06-2816:10:19
	(617,0,Dicki-Reilly,2.54,4.36,1.08,18.88,37.41,13.54,4.93,1.67,4.98,7.13,14.56,2024-06-2816:10:20
	(618,0,Dicki-Reilly,3.1,3.9,1.21,17.42,50.41,12.74,4.09,2.29,4.41,8.15,18.66,2024-06-2816:10:21
	(619,0,Dicki-Reilly,2.62,4.38,1.3,23.49,44.27,13.89,5.09,2.25,3.99,6.68,17.12,2024-06-2816:10:22
	(620,0,Dicki-Reilly,4.15,4.31,1.35,17.81,41.66,10.56,5.31,2.71,3.53,7.45,14.65,2024-06-2816:10:23
	(621,0,Dicki-Reilly,3.33,3.46,1.33,18.36,39.55,10.85,4.87,2.28,5.03,8.26,17.56,2024-06-2816:10:24
	(622,0,Dicki-Reilly,3.83,3.65,1.14,16.78,53.05,12.65,4.3,2.29,3.41,5.4,14.17,2024-06-2816:10:25
	(623,0,Dicki-Reilly,3.7,4.43,1.04,26.53,49.66,13.53,4.06,2.39,4.16,7.98,14.31,2024-06-2816:10:26
	(624,0,Dicki-Reilly,3.72,4.79,1.13,19.07,40.29,8.58,5.29,2.74,5.01,7.84,13.55,2024-06-2816:10:27
	(625,0,Dicki-Reilly,2.76,4.48,0.86,19.16,40.71,10.24,3.58,1.72,3.4,8.12,13.29,2024-06-2816:10:28
	(626,0,Dicki-Reilly,3.64,4.28,1.03,23.73,45.87,12.36,4.83,2.46,4.18,8.06,12.67,2024-06-2816:10:29
	(627,0,Dicki-Reilly,2.61,3.99,1.05,24.33,46.49,8.67,4.14,2.25,5,8.19,19.07,2024-06-2816:10:30
	(628,0,Dicki-Reilly,3.05,5.15,1.29,21.86,33.68,10.5,5.25,2.22,3.88,6.08,17.61,2024-06-2816:10:31
	(629,0,Dicki-Reilly,3.06,4.91,0.97,27.72,51.93,10.41,3.94,1.7,5.22,6.65,13.55,2024-06-2816:10:32
	(630,0,Dicki-Reilly,2.67,4.89,1.01,20.87,33.59,11.69,4.76,2.59,4.97,6.7,11.81,2024-06-2816:10:33
	(631,0,Dicki-Reilly,2.75,3.62,1.35,21.77,41.67,11.79,4.12,2.73,4.68,7.31,17.84,2024-06-2816:10:34
	(632,0,Dicki-Reilly,3.65,5.07,0.84,22.3,34.49,13.83,4.69,2.31,4.64,6.47,15.81,2024-06-2816:10:35
	(633,0,Dicki-Reilly,3.53,3.92,1.33,21.79,52.8,11.72,4.24,1.74,5.15,5.51,12.91,2024-06-2816:10:36
	(634,0,Dicki-Reilly,2.56,5.16,1.39,25.84,54.01,10.7,3.5,1.96,4.96,6.77,12.48,2024-06-2816:10:37
	(635,0,Dicki-Reilly,2.85,5.26,1.34,17.95,45.32,11.02,3.57,2.16,3.92,7.37,18.86,2024-06-2816:10:38
	(636,0,Dicki-Reilly,3.89,4,1.18,18.57,43.92,9.2,5.44,1.81,5.45,6.08,15.62,2024-06-2816:10:39
	(637,0,Dicki-Reilly,2.92,4.69,1.22,20.58,41.74,8.48,4.07,2.13,5.53,7.88,17.83,2024-06-2816:10:40
	(638,0,Dicki-Reilly,3.31,3.82,1.27,20.5,46.87,12.81,3.65,2.76,5.46,7.01,16.59,2024-06-2816:10:41
	(639,0,Dicki-Reilly,2.79,5.38,1.24,22.88,38.94,8.44,3.64,2.62,4.66,5.12,18.64,2024-06-2816:10:42
	(640,0,Dicki-Reilly,3.36,4.64,0.97,16.88,45.43,8.85,5.42,2.21,5.19,6.54,15.04,2024-06-2816:10:43
	(641,0,Dicki-Reilly,2.91,5.4,0.95,17.03,53.81,13.83,3.93,2.13,3.51,6.35,13.61,2024-06-2816:10:44
	(642,0,Dicki-Reilly,3.41,5.1,1.15,17.17,46.33,13.31,3.87,2.29,3.62,8.08,19.13,2024-06-2816:10:45
	(643,0,Dicki-Reilly,2.74,5.29,1.2,25.34,45.21,9.09,5.05,1.85,4.35,7.23,17.44,2024-06-2816:10:46
	(644,0,Dicki-Reilly,3.58,3.66,1.39,24.63,49.1,12.22,4.63,1.86,5.14,6.35,19.07,2024-06-2816:10:47
	(645,0,Dicki-Reilly,2.84,5.53,1.15,25.39,34.16,11.45,4.58,2.05,3.68,5.25,15.9,2024-06-2816:10:48
	(646,0,Dicki-Reilly,3.17,4.24,1.09,23.92,45.38,8.9,5.42,1.86,5.55,8.31,16.32,2024-06-2816:10:49
	(647,0,Dicki-Reilly,2.86,4.67,0.94,25.16,34.41,11.11,4.91,2.51,4.12,7.61,13.81,2024-06-2816:10:50
	(648,0,Dicki-Reilly,3.05,4.47,1.3,22.85,52.09,8.94,3.98,2.72,3.4,5.69,19.09,2024-06-2816:10:51
	(649,0,Dicki-Reilly,3.83,5.48,1.18,26.94,39.21,10.42,5.54,1.98,4.85,7.17,16.32,2024-06-2816:10:52
	(650,0,Dicki-Reilly,3.31,3.38,0.94,22.39,43.51,10.11,4.03,2.31,4.77,5.76,18.66,2024-06-2816:10:53
	(651,0,Dicki-Reilly,3.62,4.25,0.91,27.38,34.93,9.48,3.83,2,3.43,8.16,16.42,2024-06-2816:10:54
	(652,0,Dicki-Reilly,3.82,3.54,1.31,20.1,38.81,8.4,4.6,1.98,4.72,6.75,17.98,2024-06-2816:10:55
	(653,0,Dicki-Reilly,2.73,3.39,1.12,26.75,45.29,8.86,5.26,2.19,4.15,7.35,18.86,2024-06-2816:10:56
	(654,0,Dicki-Reilly,3.26,3.86,0.99,20.43,43.45,12.14,4.91,2.72,3.82,7.85,14.44,2024-06-2816:10:58
	(655,0,Dicki-Reilly,2.61,4.53,0.96,25.09,39.54,13.77,3.53,1.91,3.38,6.18,17.29,2024-06-2816:10:59
	(656,0,Dicki-Reilly,2.67,4.96,1.17,21.05,35.31,13.58,5.5,2.12,3.85,5.62,14,2024-06-2816:11:00
	(657,0,Dicki-Reilly,3.39,5.24,0.85,19.22,38.69,10.09,3.43,2.09,5.14,6.07,18.33,2024-06-2816:11:01
	(658,0,Dicki-Reilly,3.31,3.54,0.89,23.8,49.17,11.03,3.47,2.55,3.38,6.4,16.74,2024-06-2816:11:02
	(659,0,Dicki-Reilly,3.79,4.76,1.35,22.69,33.78,8.93,3.91,2.03,4.38,7.5,15.32,2024-06-2816:11:03
	(660,0,Dicki-Reilly,2.68,5.18,1.04,25.48,34.33,8.5,4.3,2.03,3.39,6.96,18.17,2024-06-2816:11:04
	(661,0,Dicki-Reilly,3.62,3.93,0.93,16.81,35.5,10.24,3.42,1.89,4.94,5.46,15.99,2024-06-2816:11:05
	(662,0,Dicki-Reilly,2.59,3.86,0.84,16.92,36.13,12.14,4.61,1.9,3.46,6.56,13.71,2024-06-2816:11:06
	(663,0,Dicki-Reilly,3.44,3.75,0.96,26.82,49.5,11.35,3.95,1.75,4,5.77,16.26,2024-06-2816:11:07
	(664,0,Dicki-Reilly,2.71,4.34,1.29,26.62,45.42,10.87,3.95,2.3,3.47,6.43,12.8,2024-06-2816:11:08
	(665,0,Dicki-Reilly,2.78,4.49,1.25,25.24,46.1,13.07,4.88,1.67,4.98,6.42,18.29,2024-06-2816:11:09
	(666,0,Dicki-Reilly,3.78,5.3,1.36,18.07,51.55,13.65,3.39,2.37,3.84,5.44,12.84,2024-06-2816:11:10
	(667,0,Dicki-Reilly,3.12,5.42,1.38,23.15,41.77,12.11,3.42,2.64,3.63,7.12,15.78,2024-06-2816:11:11
	(668,0,Dicki-Reilly,3.66,4.67,0.87,23.88,53.36,12.86,5.18,1.77,5.07,6.62,15.23,2024-06-2816:11:12
	(669,0,Dicki-Reilly,2.54,3.89,1.31,19.86,34.31,12.49,4.41,2.4,3.82,5.64,12.47,2024-06-2816:11:13
	(670,0,Dicki-Reilly,3.49,4.6,1.08,16.84,46.57,12.9,4.16,2.72,4,7.4,18.46,2024-06-2816:11:14
	(671,0,Dicki-Reilly,2.91,3.89,0.87,25.78,42.37,13.32,5.41,2.77,3.76,7.12,15.27,2024-06-2816:11:15
	(672,0,Dicki-Reilly,3.29,3.87,0.99,23.16,38.87,12.13,3.8,2.05,4.38,5.7,13.5,2024-06-2816:11:16
	(673,0,Dicki-Reilly,2.66,5.26,1.08,25.5,41.19,10.46,4.52,1.72,3.81,7.68,14.7,2024-06-2816:11:17
	(674,0,Dicki-Reilly,3.24,3.58,1.23,16.78,33.66,9.23,5.38,2.08,4.17,7.32,14.75,2024-06-2816:11:18
	(675,0,Dicki-Reilly,2.81,4.91,1.34,18.3,43.63,9.48,3.42,2.6,3.97,6.14,13.17,2024-06-2816:11:19
	(676,0,Dicki-Reilly,3.34,4.57,1.33,26.67,41.15,12.14,4.16,2.26,3.76,6.79,18.41,2024-06-2816:11:20
	(677,0,Dicki-Reilly,3.65,3.43,1.29,26.6,50.21,11.21,5.27,2.4,5.5,6.7,14.27,2024-06-2816:11:21
	(678,0,Dicki-Reilly,2.89,3.61,1.32,19.99,45.78,11.95,4.72,2.34,3.84,6.1,12.23,2024-06-2816:11:22
	(679,0,Dicki-Reilly,3.83,3.5,1.25,24.53,39.55,10.71,4.51,2.27,5.48,7.86,13.29,2024-06-2816:11:23
	(680,0,Dicki-Reilly,2.95,4.59,1.19,20.11,33.72,8.51,5.26,1.9,4.12,5.77,16.35,2024-06-2816:11:24
	(681,0,Dicki-Reilly,3.97,3.87,1.17,22.54,49.59,11.84,5.29,2.69,4.84,7.64,11.71,2024-06-2816:11:25
	(682,0,Dicki-Reilly,2.78,4.59,1.21,26.98,48.97,12.57,3.35,1.9,4.73,6.36,19.09,2024-06-2816:11:26
	(683,0,Dicki-Reilly,3.87,4.55,1.13,18.89,45.94,11.09,4.77,2.44,5.07,5.42,19.39,2024-06-2816:11:27
	(684,0,Dicki-Reilly,2.79,5.43,1.09,24.2,33.56,9.39,4.54,1.95,4.27,6.41,19.35,2024-06-2816:11:28
	(685,0,Dicki-Reilly,2.75,4.36,0.99,17.24,50.17,12.82,3.36,1.84,4.59,7.95,13.45,2024-06-2816:11:29
	(686,0,Dicki-Reilly,3.64,4.07,0.86,17.63,37.53,10.94,4.86,1.73,3.9,6.42,15.84,2024-06-2816:11:30
	(687,0,Dicki-Reilly,3.3,4.52,0.97,27.65,38.18,13.35,4.12,1.76,5.13,7.03,14.69,2024-06-2816:11:31
	(688,0,Dicki-Reilly,3.84,3.86,1.24,22.86,46.28,13.47,5.11,2.47,5.37,5.95,18.26,2024-06-2816:11:32
	(689,0,Dicki-Reilly,3.14,5.43,1.22,25.25,36.36,11.37,5.28,2.57,5.49,6.19,16.63,2024-06-2816:11:33
	(690,0,Dicki-Reilly,3.62,4.82,1.05,21.96,48.51,12.61,3.87,2.61,4.52,6.25,18.66,2024-06-2816:11:34
	(691,0,Dicki-Reilly,3.88,4.24,1.34,20.61,35.25,10.06,4.47,2.63,4.45,7.92,19.3,2024-06-2816:11:35
	(692,0,Dicki-Reilly,3.27,3.92,0.98,27.22,47.14,8.8,4.39,2.32,4.47,6.26,17.4,2024-06-2816:11:36
	(693,0,Dicki-Reilly,3.76,5.44,1.23,19.26,41.71,12.54,4.8,2.07,3.36,7.71,12.78,2024-06-2816:11:37
	(694,0,Dicki-Reilly,3.57,5.1,1.34,17.27,50.38,13.57,4.33,2.36,4.96,5.14,15.86,2024-06-2816:11:38
	(695,0,Dicki-Reilly,3.47,4.77,1.13,16.75,53.59,13.69,3.5,2.3,5.46,7.12,15.51,2024-06-2816:11:39
	(696,0,Dicki-Reilly,3.41,4.29,1.3,21.82,42.96,13.48,3.37,2.68,4.62,7.65,17.14,2024-06-2816:11:40
	(697,0,Dicki-Reilly,2.59,4.11,1.26,24.47,49.89,9.56,4.46,1.84,5.53,5.05,16.02,2024-06-2816:11:41
	(698,0,Dicki-Reilly,3.79,3.75,1.27,24.14,47.17,11.27,4.52,1.72,3.7,7.06,19.03,2024-06-2816:11:42
	(699,0,Dicki-Reilly,4.1,4.84,1.26,24.08,43.95,10.42,4.16,2.14,3.91,7.69,17.19,2024-06-2816:11:43
	(700,0,Dicki-Reilly,2.67,4.2,0.85,25.63,35.27,9.21,4.76,1.75,5.32,7.49,16.03,2024-06-2816:11:44
	(701,0,Dicki-Reilly,2.99,5.56,1.1,22.48,46.38,9.49,4.22,2.61,3.55,7.37,17.57,2024-06-2816:11:45
	(702,0,Dicki-Reilly,3.05,4.03,1.1,23.69,42.29,11.06,3.53,2.62,3.97,7.81,12.91,2024-06-2816:11:46
	(703,0,Dicki-Reilly,3.69,3.59,1.38,26.78,53.51,13.82,4.09,1.85,4.42,7.99,15.54,2024-06-2816:11:47
	(704,0,Dicki-Reilly,3.04,3.64,1.16,19.73,49.4,9.28,5.33,2.19,5.02,7.21,12.86,2024-06-2816:11:48
	(705,0,Dicki-Reilly,3.14,5.07,0.91,27.75,46.16,12.96,4.95,2.31,3.59,5,18.44,2024-06-2816:11:49
	(706,0,Dicki-Reilly,2.91,3.48,1.21,22.96,34.62,8.94,3.38,1.72,4.74,6.87,12.02,2024-06-2816:11:50
	(707,0,Dicki-Reilly,3.31,4.69,1.03,21.57,50.73,12.73,4.34,2.16,5.04,8.24,15.27,2024-06-2816:11:51
	(708,0,Dicki-Reilly,2.84,5.04,1.12,25.75,46.2,9.39,3.77,2.49,5.14,7.14,19.1,2024-06-2816:11:52
	(709,0,Dicki-Reilly,3.51,4.96,0.84,24.75,45.22,9.76,3.92,2.75,5.43,6.64,12.43,2024-06-2816:11:53
	(710,0,Dicki-Reilly,2.91,4.04,1.09,20.6,45.24,10.22,5.48,2.29,3.92,8.16,19.42,2024-06-2816:11:54
	(711,0,Dicki-Reilly,2.84,4.85,1.04,18.64,52.54,13.7,3.83,2.14,5.54,7.42,17.59,2024-06-2816:11:55
	(712,0,Dicki-Reilly,4.16,4.57,1.04,19.25,35.77,10.28,5.49,2.11,4.89,5.98,15.28,2024-06-2816:11:56
	(713,0,Dicki-Reilly,4.16,4.23,0.85,22.29,45.11,13.82,3.98,2.16,5.12,6.37,16.19,2024-06-2816:11:57
	(714,0,Dicki-Reilly,2.87,3.74,1.26,18.11,52.57,13.54,4.68,2.06,4.85,8.16,17.31,2024-06-2816:11:58
	(715,0,Dicki-Reilly,3.13,4.96,1.31,19.71,45.45,8.9,3.59,2.29,3.87,7.01,15.25,2024-06-2816:11:59
	(716,0,Dicki-Reilly,2.97,3.53,0.88,27.71,50.27,12.03,5.38,2.63,3.75,8.09,16.48,2024-06-2816:12:00
	(717,0,Dicki-Reilly,3.62,5.08,0.87,24.71,41.27,13.12,4.75,2,4.96,8.29,15.15,2024-06-2816:12:01
	(718,0,Dicki-Reilly,3.6,4.1,1.04,21.51,35.21,11.63,5.52,2.14,5.11,5.41,19.43,2024-06-2816:12:02
	(719,0,Dicki-Reilly,3.55,4.57,1.23,19.41,50.24,9.48,4.73,2.11,5.36,5.33,17.65,2024-06-2816:12:03
	(720,0,Dicki-Reilly,3.59,3.8,1.29,20.89,42.6,11.25,4.73,1.98,4.71,7.89,13.52,2024-06-2816:12:04
	(721,0,Dicki-Reilly,2.67,4.95,1.3,27.19,40.96,9.4,4.23,1.7,3.53,6.8,13.39,2024-06-2816:12:05
	(722,0,Dicki-Reilly,3.61,3.98,0.93,21.83,47.15,11.91,5.16,2.23,3.8,8.18,11.96,2024-06-2816:12:06
	(723,0,Dicki-Reilly,3.44,5.13,1.38,20.27,50.38,8.39,4.86,1.67,4.34,6.87,12.09,2024-06-2816:12:07
	(724,0,Dicki-Reilly,4,3.94,1.04,23.36,39.96,9.62,4.05,2.73,4.6,6.38,15.91,2024-06-2816:12:08
	(725,0,Dicki-Reilly,3.61,5.46,1.35,25.97,36.66,11.53,4.24,2.65,5.02,7.06,14.82,2024-06-2816:12:09
	(726,0,Dicki-Reilly,3.56,4.95,0.9,21.57,33.39,13.44,4.63,1.86,5.42,6.78,17.07,2024-06-2816:12:10
	(727,0,Dicki-Reilly,3.92,4.54,1.24,18.01,41.19,12.99,4.78,2.7,4.79,5.63,14.31,2024-06-2816:12:11
	(728,0,Dicki-Reilly,2.94,4.06,1.18,20.13,33.43,9.47,4.5,2.07,4.84,7.08,16.19,2024-06-2816:12:12
	(729,0,Dicki-Reilly,2.62,3.56,0.97,23.59,51.39,12.04,4.35,2.45,5.33,7.38,19.43,2024-06-2816:12:13
	(730,0,Dicki-Reilly,3.62,4.24,0.96,18.04,53.72,10.18,3.89,2.72,4.52,7.97,16.61,2024-06-2816:12:14
	(731,0,Dicki-Reilly,3.13,4.45,1.38,23.39,37.03,12.71,3.49,1.93,3.38,6.27,16.74,2024-06-2816:12:15
	(732,0,Dicki-Reilly,2.78,5.33,1.01,17.75,45.46,13.12,5.03,2.7,5.3,5.16,12.05,2024-06-2816:12:16
	(733,0,Dicki-Reilly,3.28,4.71,1.31,27.22,34.73,12.55,4.57,2.5,4.36,6.54,17.04,2024-06-2816:12:17
	(734,0,Dicki-Reilly,3.43,4.78,1.22,21.47,35.14,10.34,5.23,1.76,4.42,7.5,14.66,2024-06-2816:12:18
	(735,0,Dicki-Reilly,3.83,4.65,1.03,18.75,52.65,13.37,4.31,1.95,3.45,7.89,13.75,2024-06-2816:12:19
	(736,0,Dicki-Reilly,3.2,4.41,1.35,19.19,52.41,9.17,4.38,1.94,4.96,5.27,14.2,2024-06-2816:12:20
	(737,0,Dicki-Reilly,3.92,4.33,1.13,26.78,46,13.8,3.44,2.56,5.52,6.54,16.33,2024-06-2816:12:21
	(738,0,Dicki-Reilly,3.96,5.04,1.21,17.16,52.59,9.07,4.43,1.92,4.85,5.28,17.16,2024-06-2816:12:22
	(739,0,Dicki-Reilly,3.68,4.05,1.34,26.02,45.25,8.34,3.81,2.18,4.15,7.37,18.56,2024-06-2816:12:23
	(740,0,Dicki-Reilly,3.46,3.8,1.02,21.54,51.08,8.8,4.53,2.18,5.39,6.29,18.01,2024-06-2816:12:24
	(741,0,Dicki-Reilly,4.03,5.06,1.27,24.05,39.73,12.47,3.95,2.1,5.44,6.96,13.1,2024-06-2816:12:25
	(742,0,Dicki-Reilly,2.85,4.31,0.93,21.37,45.26,11.64,3.87,2.48,3.46,8.16,14.02,2024-06-2816:12:26
	(743,0,Dicki-Reilly,3.12,5.01,1.34,24.52,48.34,12.89,5.42,2.77,4.57,7.54,15.38,2024-06-2816:12:27
	(744,0,Dicki-Reilly,3.11,3.39,1.18,19.98,49.89,10.8,4.17,1.8,4.24,5.07,14.36,2024-06-2816:12:28
	(745,0,Dicki-Reilly,2.56,4.91,1.3,17.09,51.77,12.57,4.74,2.52,4.38,7.91,16.31,2024-06-2816:12:29
	(746,0,Dicki-Reilly,2.88,3.38,1.16,20.83,49.65,10.01,4.18,1.69,4.41,6.2,13.75,2024-06-2816:12:30
	(747,0,Dicki-Reilly,3.77,4.67,1.08,22.89,54.48,11.14,3.51,2.36,4.84,7.69,14.87,2024-06-2816:12:31
	(748,0,Dicki-Reilly,4.13,5.52,1.1,25.38,44.28,10.3,5.38,2.44,5.13,5.4,16.26,2024-06-2816:12:32
	(749,0,Dicki-Reilly,2.58,5.47,1.12,20.52,54.3,10.7,3.49,2.62,5.19,7.45,19.39,2024-06-2816:12:33
	(750,0,Dicki-Reilly,3.84,3.6,1.22,19.77,44.99,8.83,3.34,2.34,3.73,8.09,15.64,2024-06-2816:12:34
	(751,0,Dicki-Reilly,2.67,3.83,1.25,22.42,34.28,8.34,3.85,2.74,4.74,5.38,15.8,2024-06-2816:12:35
	(752,0,Dicki-Reilly,3.82,4.01,0.93,22.58,35.26,10.44,4.28,1.79,3.79,6.36,13.19,2024-06-2816:12:36
	(753,0,Dicki-Reilly,3.92,3.69,1.28,24.93,55.34,13.57,3.69,2.1,4.06,7.04,14.24,2024-06-2816:12:37
	(754,0,Dicki-Reilly,2.57,4.61,1.09,19.97,43.28,10.71,4.76,2.72,3.44,5.16,18.26,2024-06-2816:12:38
	(755,0,Dicki-Reilly,3.05,4.44,1.06,17.01,48.58,12.46,4.94,2.62,4.75,6.47,16.55,2024-06-2816:12:39
	(756,0,Dicki-Reilly,3.16,5.25,1.09,25.8,42.73,8.63,5.1,1.87,3.71,7.17,15.08,2024-06-2816:12:40
	(757,0,Dicki-Reilly,2.64,4.7,1.14,26.71,55.2,10.26,3.64,2.31,3.98,6.58,17.67,2024-06-2816:12:41
	(758,0,Dicki-Reilly,2.87,4.82,1.32,27.7,37.92,13.41,4.73,2.2,4.04,7.07,11.82,2024-06-2816:12:42
	(759,0,Dicki-Reilly,2.67,5.44,1.05,18.77,44.11,10.79,4.5,2.52,3.97,5.35,18.05,2024-06-2816:12:43
	(760,0,Dicki-Reilly,3.75,3.86,1.39,23.52,50.5,13.86,5.25,1.76,3.74,7.3,12.9,2024-06-2816:12:44
	(761,0,Dicki-Reilly,3.3,4.82,0.92,27.66,55.14,8.58,3.66,2.1,5.4,5.69,18.99,2024-06-2816:12:45
	(762,0,Dicki-Reilly,2.9,4.84,1.38,18.14,36.34,12.96,4.11,2.37,4.01,6.76,12.4,2024-06-2816:12:46
	(763,0,Dicki-Reilly,3.64,4.82,0.98,26.49,53.05,12.8,4.86,1.74,5.17,6.65,12.43,2024-06-2816:12:47
	(764,0,Dicki-Reilly,3.61,3.62,0.99,25.73,51.86,13.68,4.7,2.08,4.38,6.77,14.13,2024-06-2816:12:48
	(765,0,Dicki-Reilly,3.12,3.59,1.17,19.3,49.24,11.9,5.27,2.23,4.37,7.08,15.19,2024-06-2816:12:49
	(766,0,Dicki-Reilly,3.36,5.43,0.88,24.58,36.27,13.29,3.98,2.15,5.28,6.72,18.33,2024-06-2816:12:50
	(767,0,Dicki-Reilly,2.77,3.74,0.92,19.39,45.53,10.53,5.04,2.44,5.21,7.31,18.45,2024-06-2816:12:51
	(768,0,Dicki-Reilly,3.23,4.09,1.38,26.81,53.76,12.31,5.28,2.18,4.52,5.44,12.61,2024-06-2816:12:52
	(769,0,Dicki-Reilly,2.61,4.18,1.26,25.68,52.1,13.07,3.96,1.76,3.42,7.08,16,2024-06-2816:12:53
	(770,0,Dicki-Reilly,3.28,3.51,0.99,18.31,45.48,13.62,3.79,2.72,5.29,6.42,15.42,2024-06-2816:12:54
	(771,0,Dicki-Reilly,3.85,3.37,1.06,19.09,35.1,13.01,4.84,1.77,5.14,6.29,14.64,2024-06-2816:12:55
	(772,0,Dicki-Reilly,3.47,3.55,0.93,26.68,36.99,9.59,3.78,2.25,4.43,6.1,14.95,2024-06-2816:12:56
	(773,0,Dicki-Reilly,4.14,4.4,1.09,21.26,44.82,11.38,5.16,1.73,4.19,8.07,14.99,2024-06-2816:12:57
	(774,0,Dicki-Reilly,3.92,4.36,0.96,24.03,40.47,9.69,5.1,2.68,5.16,5.03,14.29,2024-06-2816:12:58
	(775,0,Dicki-Reilly,3.47,4.75,1,27.52,37.25,9.38,3.35,2.59,3.46,7.18,12.91,2024-06-2816:12:59
	(776,0,Dicki-Reilly,3.95,5.46,1.38,20.32,51.23,12.59,4.08,1.96,5.21,6.44,17.38,2024-06-2816:13:00
	(777,0,Dicki-Reilly,2.75,4.7,0.94,21.01,42.53,11.15,5.09,2.52,4.34,6.17,13.69,2024-06-2816:13:01
	(778,0,Dicki-Reilly,2.58,3.77,0.93,25.13,38.94,9.38,4.96,2.43,5,6.82,13.7,2024-06-2816:13:02
	(779,0,Dicki-Reilly,3.9,4.63,1.03,20.37,33.95,13.7,4.82,2.26,3.92,6.6,17.43,2024-06-2816:13:03
	(780,0,Dicki-Reilly,4.1,3.77,1.19,22.53,46.6,12.48,5.09,2.11,3.39,6.84,18.05,2024-06-2816:13:04
	(781,0,Dicki-Reilly,2.81,5.05,0.92,21.66,50.76,8.88,3.77,2.7,5.16,6.34,12.76,2024-06-2816:13:05
	(782,0,Dicki-Reilly,3.24,5.24,1.17,19.06,50.9,11.77,4.19,2.45,4.61,7.3,16.37,2024-06-2816:13:06
	(783,0,Dicki-Reilly,2.55,4.48,0.97,20.12,42.58,10.57,3.91,2.35,5.22,7.41,16.1,2024-06-2816:13:07
	(784,0,Dicki-Reilly,3.05,5.36,0.86,21.55,50.57,11.02,4.75,2.27,5.22,8.13,12.17,2024-06-2816:13:08
	(785,0,Dicki-Reilly,3.88,5.01,0.85,19.79,43.74,13.51,3.61,2.62,4.14,5.64,17.19,2024-06-2816:13:09
	(786,0,Dicki-Reilly,3.49,4.1,1.07,22.66,34.19,13.45,5.03,2.31,4.68,7.69,11.78,2024-06-2816:13:10
	(787,0,Dicki-Reilly,3.71,3.46,1.2,19.14,37.07,8.55,5.43,1.87,3.61,6.75,12.16,2024-06-2816:13:11
	(788,0,Dicki-Reilly,2.53,3.71,1.26,23.99,42.04,9.87,5.3,2.71,5.28,6.22,15.19,2024-06-2816:13:12
	(789,0,Dicki-Reilly,2.61,5.18,1.21,17.93,55.52,12.76,5.28,1.84,4.64,6.95,13.92,2024-06-2816:13:13
	(790,0,Dicki-Reilly,2.64,4.8,1.24,18.85,44.67,13.8,3.76,2.23,4.58,7.33,12.11,2024-06-2816:13:14
	(791,0,Dicki-Reilly,3.8,4.76,1.02,23.66,48.08,12.23,4.94,1.69,3.47,5.32,19.05,2024-06-2816:13:15
	(792,0,Dicki-Reilly,3,5.24,1.34,21.22,44.24,13.83,5.25,1.86,5.05,6.85,15.76,2024-06-2816:13:16
	(793,0,Dicki-Reilly,3.51,5.39,1.36,23.01,48.61,13.64,5.17,2.36,5.35,7.66,15.61,2024-06-2816:13:17
	(794,0,Dicki-Reilly,2.68,4.7,1.16,21.28,51.99,13.29,3.47,1.92,3.79,7.26,13.94,2024-06-2816:13:18
	(795,0,Dicki-Reilly,2.58,3.61,1.35,24.57,48.66,11.21,3.39,2.07,4.96,5.94,18.42,2024-06-2816:13:19
	(796,0,Dicki-Reilly,3.52,3.89,1.3,25.04,51.92,13.12,4.99,2.48,4.87,6.6,18.06,2024-06-2816:13:20
	(797,0,Dicki-Reilly,3.44,4.41,1.07,22.6,55.32,13.83,5.37,2.06,5.3,6.54,17.02,2024-06-2816:13:21
	(798,0,Dicki-Reilly,3.62,4.99,0.98,21.36,42.51,13.15,4.52,1.96,4.19,8.03,12.81,2024-06-2816:13:22
	(799,0,Dicki-Reilly,4.09,4.54,1,24.2,48.64,10.55,5.31,1.88,5.47,7.25,17.88,2024-06-2816:13:23
	(800,0,Dicki-Reilly,2.88,4.66,1.17,17.67,48.36,9.6,4.81,2.53,5.47,7.59,15.75,2024-06-2816:13:24
	(801,0,Dicki-Reilly,3.16,5.3,1.37,21.76,43.43,11.58,4.74,2.55,4.55,7.73,15.35,2024-06-2816:13:25
	(802,0,Dicki-Reilly,3.52,3.47,1.28,22.2,46.54,11.97,4.72,2.26,3.91,6.47,15.41,2024-06-2816:13:26
	(803,0,Dicki-Reilly,2.97,3.99,1.27,19,35.05,8.47,5.11,2.13,5.17,7.33,12.23,2024-06-2816:13:27
	(804,0,Dicki-Reilly,2.84,5.34,0.92,21.9,43.12,10.69,4.96,2.35,4.21,5.26,19.11,2024-06-2816:13:28
	(805,0,Dicki-Reilly,3.92,4.21,0.95,22.73,36.29,8.87,3.87,1.91,4.21,5.51,12,2024-06-2816:13:29
	(806,0,Dicki-Reilly,3.82,4.52,0.97,20.51,46.21,12.43,4.61,2.47,3.6,8.11,17.09,2024-06-2816:13:30
	(807,0,Dicki-Reilly,2.57,4.5,1.37,19.98,50.94,8.37,3.82,2.09,3.57,6.06,12.26,2024-06-2816:13:31
	(808,0,Dicki-Reilly,3.07,4.14,1.07,17.97,48.81,9.29,5.37,2.36,3.79,7.16,17.79,2024-06-2816:13:32
	(809,0,Dicki-Reilly,2.81,3.64,0.97,27.37,47.73,13.31,4.61,2.58,4.46,6.68,17.25,2024-06-2816:13:33
	(810,0,Dicki-Reilly,3.65,5.17,1.08,27.33,41.17,13.18,3.49,2.49,5.05,7.92,19.32,2024-06-2816:13:34
	(811,0,Dicki-Reilly,2.64,4.81,1.08,19.69,33.55,9.84,5.33,2.48,5.36,6.36,17.25,2024-06-2816:13:35
	(812,0,Dicki-Reilly,3.58,4,0.91,20.88,42.39,9.51,4.29,2.26,4.93,5.26,19.04,2024-06-2816:13:36
	(813,0,Dicki-Reilly,3.87,5.43,1.13,24.57,35.67,13.59,3.53,2.1,4.64,5.83,15.02,2024-06-2816:13:38
	(814,0,Dicki-Reilly,2.84,3.89,1.27,19.12,45.62,10.84,5.1,2.15,3.77,6.96,13.15,2024-06-2816:13:39
	(815,0,Dicki-Reilly,3.28,3.78,1.05,16.82,54.36,9.82,4.83,2.12,4.03,8.29,17.95,2024-06-2816:13:40
	(816,0,Dicki-Reilly,2.99,3.87,1.31,18.63,46.08,11.79,4.73,1.94,4.62,5.57,15.86,2024-06-2816:13:41
	(817,0,Dicki-Reilly,3.5,4.67,1.01,22.26,37.52,10.53,5.01,1.92,5.3,6.06,17.44,2024-06-2816:13:42
	(818,0,Dicki-Reilly,3,3.7,1.24,17.61,33.87,9.19,4.61,1.95,4.94,6.25,12.95,2024-06-2816:13:43
	(819,0,Dicki-Reilly,3.77,5.34,0.9,21.22,47.79,10.78,3.66,2.15,4.82,5.46,13.41,2024-06-2816:13:44
	(820,0,Dicki-Reilly,2.66,3.49,1.22,26.86,40.08,12.47,5.14,2.58,4.41,6.79,17.49,2024-06-2816:13:45
	(821,0,Dicki-Reilly,3.33,3.5,0.97,17.43,33.68,8.71,4.84,1.75,5.03,5.31,18.7,2024-06-2816:13:46
	(822,0,Dicki-Reilly,2.81,4.02,1.05,27.35,37.79,8.69,5.03,2.24,5.47,7.12,13.26,2024-06-2816:13:47
	(823,0,Dicki-Reilly,3.39,5.28,0.86,18.51,41.86,10.09,3.48,2.12,3.86,5.39,12.5,2024-06-2816:13:48
	(824,0,Dicki-Reilly,2.76,3.75,1.28,20.3,35.84,8.53,4.44,1.93,4.97,6.6,12.09,2024-06-2816:13:49
	(825,0,Dicki-Reilly,4.07,5.25,1.32,22.93,44.03,12.52,4.26,2.47,4.62,7.42,12.68,2024-06-2816:13:50
	(826,0,Dicki-Reilly,3.98,4.34,0.86,23.22,39.98,13.06,4.32,2.12,4.28,7.77,13.98,2024-06-2816:13:51
	(827,0,Dicki-Reilly,3.16,5.13,0.85,17.62,47.08,9.56,5.13,2.07,4.53,8.31,13.18,2024-06-2816:13:52
	(828,0,Dicki-Reilly,3.55,4.3,0.96,19.73,49.2,10.07,3.84,2.1,5.01,7.95,18.51,2024-06-2816:13:53
	(829,0,Dicki-Reilly,3.53,4.34,1.1,18.52,51.04,10.08,4.47,1.76,3.99,6.18,12.64,2024-06-2816:13:54
	(830,0,Dicki-Reilly,3.01,4.28,1.21,25.82,39.81,13.33,5.38,2.51,3.62,6.15,16.97,2024-06-2816:13:55
	(831,0,Dicki-Reilly,4.04,4.8,1.25,25.8,34.17,10.38,4.54,2.6,3.67,5.63,19.37,2024-06-2816:13:56
	(832,0,Dicki-Reilly,3.54,4.4,1.38,21.21,53.58,8.36,5.32,2.71,4.05,7.46,15.84,2024-06-2816:13:57
	(833,0,Dicki-Reilly,2.76,3.42,0.86,25.54,53.46,8.76,4.07,2.6,5.37,6.37,14,2024-06-2816:13:58
	(834,0,Dicki-Reilly,3.16,4.32,1.04,21.03,34.68,9.33,3.35,2.3,4.57,6.13,14.87,2024-06-2816:13:59
	(835,0,Dicki-Reilly,3.85,3.95,1,26.17,55.5,11.52,3.84,2.74,5.23,5.31,16.2,2024-06-2816:14:00
	(836,0,Dicki-Reilly,3.44,5.25,1.01,20.53,41,10.22,5.37,2.08,4.75,6.34,15.66,2024-06-2816:14:01
	(837,0,Dicki-Reilly,2.97,4.38,0.85,19.57,46.98,10.48,4.93,1.76,5.45,8.15,11.76,2024-06-2816:14:02
	(838,0,Dicki-Reilly,3.07,4.27,1.26,18.99,49.94,10.98,3.77,2.21,4.51,6.7,17.35,2024-06-2816:14:03
	(839,0,Dicki-Reilly,2.84,4.17,1.06,16.75,34.77,11.29,4.57,2.1,3.79,5.05,16.31,2024-06-2816:14:04
	(840,0,Dicki-Reilly,3.69,5.21,0.95,21.72,40.14,12.46,4.14,2.55,4.86,5.02,12.05,2024-06-2816:14:05
	(841,0,Dicki-Reilly,4.15,4.68,0.98,21,51.27,13.68,4.01,1.88,3.61,5.79,15.5,2024-06-2816:14:06
	(842,0,Dicki-Reilly,3.5,3.99,1.06,20.12,41.95,13.13,5.17,2.52,3.84,5.39,19.41,2024-06-2816:14:07
	(843,0,Dicki-Reilly,3.79,5.01,1.09,22.56,44.89,9.29,3.95,2.2,4.74,5.59,17.81,2024-06-2816:14:08
	(844,0,Dicki-Reilly,4.08,4.49,1.34,24.39,36.75,9.03,3.66,1.79,3.83,6.79,14.46,2024-06-2816:14:09
	(845,0,Dicki-Reilly,3.44,5.01,1.3,27.07,51.04,9.54,3.74,2.23,4.17,7.85,18.47,2024-06-2816:14:10
	(846,0,Dicki-Reilly,3.41,3.99,1.16,19.09,35.6,9.24,5.19,2.01,5.34,7.14,18.9,2024-06-2816:14:11
	(847,0,Dicki-Reilly,2.78,4.83,1.08,19.89,37.7,12.79,3.92,2.5,3.52,6.68,17.66,2024-06-2816:14:12
	(848,0,Dicki-Reilly,4.07,3.88,1.04,17.59,34.53,9.23,4.51,2.25,4.68,5.91,13.47,2024-06-2816:14:13
	(849,0,Dicki-Reilly,2.6,3.89,1.2,24.38,47.44,9.23,4.1,2.69,4.09,6.27,13.54,2024-06-2816:14:14
	(850,0,Dicki-Reilly,2.94,4.58,0.87,24.67,37.67,8.49,3.77,2.61,3.96,6.92,14.56,2024-06-2816:14:15
	(851,0,Dicki-Reilly,3.71,4.68,1.29,20.08,39.63,10,5.47,1.98,4.84,6.19,12.14,2024-06-2816:14:16
	(852,0,Dicki-Reilly,3.97,4.78,1.16,25.88,55.23,11.64,3.69,1.86,4.31,5.26,17.48,2024-06-2816:14:17
	(853,0,Dicki-Reilly,2.86,5.34,0.88,26.27,34.4,9.23,4.51,1.75,5.16,5.95,16.29,2024-06-2816:14:18
	(854,0,Dicki-Reilly,3.01,5.27,1.02,24.43,33.78,11.64,4.44,2.58,4.64,7.64,15.15,2024-06-2816:14:19
	(855,0,Dicki-Reilly,2.63,4.72,0.87,20.48,49.76,10.64,5.25,1.91,3.92,5.98,13.69,2024-06-2816:14:20
	(856,0,Dicki-Reilly,2.92,5.07,1.09,20.93,42.52,12.17,4.04,2.72,3.88,6.01,18.1,2024-06-2816:14:21
	(857,0,Dicki-Reilly,3.89,4.51,1.24,27.28,46.01,10.91,5.34,1.69,4.91,6.47,19.17,2024-06-2816:14:22
	(858,0,Dicki-Reilly,2.96,5.55,1.16,18.57,35.43,11.33,3.96,2.76,5.16,6.72,17.98,2024-06-2816:14:23
	(859,0,Dicki-Reilly,3.93,4.37,1.16,22.31,50.73,11.03,4.41,2.04,3.41,8.06,17.89,2024-06-2816:14:24
	(860,0,Dicki-Reilly,2.74,5.05,1.09,26.71,38.76,11.28,4.91,2.16,5.51,7.74,13.35,2024-06-2816:14:25
	(861,0,Dicki-Reilly,2.73,4.91,1.12,23.68,54.83,10.21,3.82,2.76,4.86,5.07,18.66,2024-06-2816:14:26
	(862,0,Dicki-Reilly,4.09,3.61,1.31,21.53,38.75,12.78,4.75,1.97,5.07,5.22,17.8,2024-06-2816:14:27
	(863,0,Dicki-Reilly,3.95,5.25,1.3,18.15,39.09,9.8,3.92,1.83,5.54,8.12,16.78,2024-06-2816:14:28
	(864,0,Dicki-Reilly,3.74,4.94,0.9,22.25,50.75,11.58,3.57,2.1,3.55,7.54,18.17,2024-06-2816:14:29
	(865,0,Dicki-Reilly,3,3.55,1.38,24.57,44.98,13.79,5.39,1.77,3.92,6.19,16.69,2024-06-2816:14:30
	(866,0,Dicki-Reilly,2.91,4.34,1.02,26.46,49.93,11.36,4.22,1.67,3.39,5.11,12.06,2024-06-2816:14:31
	(867,0,Dicki-Reilly,2.99,4.54,0.85,19.42,43.59,9.27,4.05,1.97,4.47,5.68,13.8,2024-06-2816:14:32
	(868,0,Dicki-Reilly,4.03,4,1.14,22.42,52.12,9.76,4.9,2.49,5.06,6.07,18.4,2024-06-2816:14:33
	(869,0,Dicki-Reilly,3.89,5.42,0.96,19.61,52.32,8.74,5.47,2.46,3.43,6.01,14.79,2024-06-2816:14:34
	(870,0,Dicki-Reilly,3.37,3.46,1.09,27.15,45,13.46,4.46,2.57,4.96,7.48,18.92,2024-06-2816:14:35
	(871,0,Dicki-Reilly,3.86,5.04,0.96,22.01,38.85,12.55,3.95,1.69,5.24,8.02,17.99,2024-06-2816:14:36
	(872,0,Dicki-Reilly,3.06,5.45,1.19,23.26,35.53,13.65,5.09,1.83,4.87,7.46,11.96,2024-06-2816:14:37
	(873,0,Dicki-Reilly,3.39,4.11,1.1,24.79,48.63,9.14,3.55,2.76,3.83,6.54,15.44,2024-06-2816:14:38
	(874,0,Dicki-Reilly,3.02,4.9,1.14,17.9,52.62,12.69,5.28,1.93,3.79,5.8,18.91,2024-06-2816:14:39
	(875,0,Dicki-Reilly,3.47,5.42,0.86,26.7,41.74,13.68,3.39,2.26,3.45,5.94,15.8,2024-06-2816:14:40
	(876,0,Dicki-Reilly,2.7,4.44,1.13,17.4,37.33,11.29,5.08,2.64,4.56,5.08,17.35,2024-06-2816:14:41
	(877,0,Dicki-Reilly,3.49,5.52,1.37,23.78,43.26,13.41,4.47,2.45,3.69,8.1,13.75,2024-06-2816:14:42
	(878,0,Dicki-Reilly,2.99,4.01,0.97,17.98,36.52,10.2,3.73,2.13,5.27,5.06,18.28,2024-06-2816:14:43
	(879,0,Dicki-Reilly,3.58,4.22,1.15,24.95,42.9,8.55,4.96,1.98,4.73,6.23,12.75,2024-06-2816:14:44
	(880,0,Dicki-Reilly,3.05,4.76,1.1,17.41,42.24,10.37,3.57,2.48,4.63,6.39,16.29,2024-06-2816:14:45
	(881,0,Dicki-Reilly,2.73,3.51,0.99,21.2,46.44,8.77,4.09,2.6,4.36,5.06,15.22,2024-06-2816:14:46
	(882,0,Dicki-Reilly,2.57,4.87,1.19,19.05,45.38,9,3.7,2.35,5.22,7.68,19.39,2024-06-2816:14:47
	(883,0,Dicki-Reilly,3.77,5.45,1.04,20.48,51.88,13.07,3.71,2.17,4.37,7.76,14.52,2024-06-2816:14:48
	(884,0,Dicki-Reilly,2.83,3.4,0.84,20.52,36.42,11.47,4.19,2.7,4.18,8.21,13.4,2024-06-2816:14:49
	(885,0,Dicki-Reilly,3.16,3.6,1.25,18.68,40.02,11.34,4.25,2.27,4.15,8.22,13.89,2024-06-2816:14:50
	(886,0,Dicki-Reilly,3.59,4.49,1.34,18.73,52.06,10.25,4.76,2.16,4.69,7.27,17.06,2024-06-2816:14:51
	(887,0,Dicki-Reilly,3.79,5.47,1.34,27.59,43.83,10.57,4.73,2.57,4.6,8.17,12.48,2024-06-2816:14:52
	(888,0,Dicki-Reilly,3.25,5.44,0.88,26.55,53.13,13.33,5.19,2.76,4.03,5.62,13.98,2024-06-2816:14:53
	(889,0,Dicki-Reilly,3.88,4.84,1.09,20.64,35.89,9.4,4.53,1.83,5.24,5.25,11.84,2024-06-2816:14:54
	(890,0,Dicki-Reilly,3.59,5.42,0.98,26.33,53.76,9.93,5.27,1.83,4.57,6.97,18.64,2024-06-2816:14:55
	(891,0,Dicki-Reilly,2.94,4.04,1.33,21.3,48.39,11.79,5.42,2.2,3.79,7.97,17.72,2024-06-2816:14:56
	(892,0,Dicki-Reilly,3.11,3.49,0.87,16.97,42.29,12.87,5.21,2.28,3.43,7.01,15.84,2024-06-2816:14:57
	(893,0,Dicki-Reilly,2.66,4.18,1.03,19.39,37.22,11.98,5.25,1.78,3.4,7.38,18.7,2024-06-2816:14:58
	(894,0,Dicki-Reilly,3.38,4.15,1.11,19.24,36.29,11.83,4.69,1.71,4.05,5.39,12.58,2024-06-2816:14:59
	(895,0,Dicki-Reilly,4.01,4.14,0.98,20.29,41.9,13.27,5.39,2.36,3.72,6.82,14.56,2024-06-2816:15:00
	(896,0,Dicki-Reilly,3.54,5.12,0.96,18.5,37.51,12.28,4.59,1.82,3.51,8.05,15.99,2024-06-2816:15:01
	(897,0,Dicki-Reilly,3.74,3.92,1.35,26.49,38.73,11.34,3.42,2.25,3.83,7.81,16.58,2024-06-2816:15:02
	(898,0,Dicki-Reilly,3.72,4,1.19,23.57,35.73,11.21,4.61,2.16,5.37,6.76,16.33,2024-06-2816:15:03
	(899,0,Dicki-Reilly,3.6,4.34,1.03,22.23,46.16,9.7,3.96,1.79,4.63,6.81,14.59,2024-06-2816:15:04
	(900,0,Dicki-Reilly,2.8,5.3,0.98,23.43,46,8.8,4.82,2.38,5.26,7.36,14.07,2024-06-2816:15:05
	(901,0,Dicki-Reilly,3.27,3.75,1.11,24.02,50.79,12.36,4.48,1.77,3.75,6.88,13.09,2024-06-2816:15:06
	(902,0,Dicki-Reilly,2.73,3.53,1.08,17.7,38.68,10.61,4.85,2.34,5.34,6.47,16.04,2024-06-2816:15:07
	(903,0,Dicki-Reilly,3.71,3.4,1.05,26.65,44.44,10.02,4.17,2.5,5.5,6.66,12.29,2024-06-2816:15:08
	(904,0,Dicki-Reilly,2.79,5.23,1.24,27.28,47.76,11.06,4.67,2.31,3.8,6.47,18.24,2024-06-2816:15:09
	(905,0,Dicki-Reilly,2.64,3.45,1.38,23.18,45.77,11.39,4.67,2.4,3.34,7.59,18.25,2024-06-2816:15:10
	(906,0,Dicki-Reilly,2.51,4.34,1.32,26.79,34.76,10.85,4.8,2.23,3.86,5.29,12.78,2024-06-2816:15:11
	(907,0,Dicki-Reilly,2.77,3.76,0.97,18.31,55.39,10.95,3.93,2.16,3.61,7.78,14.74,2024-06-2816:15:12
	(908,0,Dicki-Reilly,3.16,5.47,1.34,19.73,33.74,13.44,4.2,2.38,4.07,7.99,14.74,2024-06-2816:15:13
	(909,0,Dicki-Reilly,2.75,4.19,1.29,19.4,43.99,11.71,3.92,2.11,5.16,6.21,16.89,2024-06-2816:15:14
	(910,0,Dicki-Reilly,4.02,4.6,1.18,17.17,34.46,12.76,4.77,1.94,4.72,7.66,16.94,2024-06-2816:15:15
	(911,0,Dicki-Reilly,3.47,4.17,1.31,17.24,53.83,11.45,5.15,2.28,4.96,5.01,15.18,2024-06-2816:15:16
	(912,0,Dicki-Reilly,2.6,4.98,1.25,22.42,54.51,10.75,4.13,2.21,5.11,6.81,12.46,2024-06-2816:15:17
	(913,0,Dicki-Reilly,2.72,3.4,1.13,22.16,44.05,9.37,3.45,1.73,4.02,6.55,15.27,2024-06-2816:15:18
	(914,0,Dicki-Reilly,2.96,4.58,1.36,25.36,46.71,13.04,4.48,1.96,4.73,6.09,15.88,2024-06-2816:15:19
	(915,0,Dicki-Reilly,3.94,3.6,0.88,22.35,42.44,13.1,4.39,1.79,4.54,5.43,16.75,2024-06-2816:15:20
	(916,0,Dicki-Reilly,3.3,3.34,1.07,19.01,45.87,13.41,5.27,2.71,3.49,5.22,17.62,2024-06-2816:15:21
	(917,0,Dicki-Reilly,4.09,5.49,1.31,18.67,43.27,10.15,5.52,2.02,5.48,7.79,17.53,2024-06-2816:15:22
	(918,0,Dicki-Reilly,2.81,5.42,1.34,21.98,41.43,12.11,4.16,2.48,4.95,7.16,13.66,2024-06-2816:15:23
	(919,0,Dicki-Reilly,2.77,3.44,1.31,18.04,36.2,11.52,3.68,1.91,3.92,6.99,13.75,2024-06-2816:15:24
	(920,0,Dicki-Reilly,3.55,3.78,1.37,25.57,53.77,11.52,4.39,2.18,4.62,5.01,12.57,2024-06-2816:15:25
	(921,0,Dicki-Reilly,3.55,3.51,0.99,26.01,53,11.3,4.17,2.69,4.7,7.35,13.82,2024-06-2816:15:26
	(922,0,Dicki-Reilly,4.11,4.28,1.3,20.67,48.89,9.17,5.18,1.91,4.42,6.63,19.35,2024-06-2816:15:27
	(923,0,Dicki-Reilly,3.32,4.67,1,20.61,35.65,13.58,5.13,2.7,4.44,6.82,14.16,2024-06-2816:15:28
	(924,0,Dicki-Reilly,4.16,5.39,0.99,26.26,54.13,12.79,3.75,2.38,4.71,8.01,12.85,2024-06-2816:15:29
	(925,0,Dicki-Reilly,2.98,4.27,0.96,24.77,39.78,9.31,4.26,2.27,4.12,7.49,12.62,2024-06-2816:15:30
	(926,0,Dicki-Reilly,2.76,4.83,1.19,25.55,47.94,10.48,5.39,2.2,4.36,7.05,14.79,2024-06-2816:15:31
	(927,0,Dicki-Reilly,2.72,4.5,1.09,17.84,35.72,11.51,5.23,1.71,5.52,5.44,12.14,2024-06-2816:15:32
	(928,0,Dicki-Reilly,3.52,4.28,0.95,17.15,49.72,11.37,3.73,2.05,4.4,6.01,15.32,2024-06-2816:15:33
	(929,0,Dicki-Reilly,4,5.54,1.19,27.51,52.32,11.13,5.15,2.76,4.99,5.72,15.73,2024-06-2816:15:34
	(930,0,Dicki-Reilly,3.03,4.33,1.14,27.39,44.05,8.81,4.25,2.38,4.34,5.4,16.4,2024-06-2816:15:35
	(931,0,Dicki-Reilly,2.81,5.49,1.17,18.21,38.19,11.9,3.58,2.49,5.46,7.56,17.55,2024-06-2816:15:36
	(932,0,Dicki-Reilly,4.16,3.71,1.06,17.7,37.74,10.77,3.36,2.59,3.45,7.87,13.74,2024-06-2816:15:37
	(933,0,Dicki-Reilly,2.7,4.26,0.86,20.37,39.14,9.99,3.84,1.8,3.42,7.14,17.03,2024-06-2816:15:38
	(934,0,Dicki-Reilly,2.52,3.39,1.33,18.57,36.43,13.84,4.67,2.05,3.43,7.05,16.83,2024-06-2816:15:39
	(935,0,Dicki-Reilly,4.11,5.05,0.91,27.39,54.86,12.31,4.69,2.13,4.61,6.85,18.49,2024-06-2816:15:40
	(936,0,Dicki-Reilly,3.07,5.49,0.92,24.13,48.41,10.17,4.25,2.42,4.29,5.07,16.75,2024-06-2816:15:41
	(937,0,Dicki-Reilly,3.32,4.61,1.15,23.91,42.1,10.18,4.78,2.75,3.63,6.2,12.12,2024-06-2816:15:42
	(938,0,Dicki-Reilly,3.86,3.8,1.38,25.1,40.93,12.66,5.01,2.49,4.44,5.6,14.43,2024-06-2816:15:43
	(939,0,Dicki-Reilly,2.85,4.51,0.87,27.13,47.58,12.43,3.72,1.95,3.4,7.14,14.13,2024-06-2816:15:44
	(940,0,Dicki-Reilly,4.04,5.13,1.37,19.38,50.26,9.13,4.69,2.14,4.21,7.16,13.87,2024-06-2816:15:45
	(941,0,Dicki-Reilly,3.64,5.46,1.31,26.65,47.78,8.89,4.03,1.89,3.37,7.48,18.08,2024-06-2816:15:46
	(942,0,Dicki-Reilly,2.82,3.63,1.32,25.58,33.95,11.84,3.66,2.34,4.9,5.89,12.81,2024-06-2816:15:47
	(943,0,Dicki-Reilly,4.09,4,1.07,21.16,54.27,11.08,4.82,2.26,5.44,5.59,13.2,2024-06-2816:15:48
	(944,0,Dicki-Reilly,2.91,3.77,1.29,23.92,43.36,10.84,3.77,2.61,3.73,6.21,17.7,2024-06-2816:15:49
	(945,0,Dicki-Reilly,2.78,5.45,0.84,22.84,34.25,12.38,4.05,2.35,5.19,5.67,17.62,2024-06-2816:15:50
	(946,0,Dicki-Reilly,3.69,3.81,0.93,22.44,38,8.76,5.07,1.92,3.68,6.26,17.96,2024-06-2816:15:51
	(947,0,Dicki-Reilly,3.84,4.47,1.29,19.35,34.07,10.55,4.4,1.67,5.06,7.15,17.25,2024-06-2816:15:52
	(948,0,Dicki-Reilly,2.8,4.67,1.37,22.5,53.39,10.11,3.8,1.81,4.55,5.97,18.2,2024-06-2816:15:53
	(949,0,Dicki-Reilly,2.93,3.64,0.99,22.47,43.52,9.12,3.82,1.94,4.09,6.35,15.95,2024-06-2816:15:54
	(950,0,Dicki-Reilly,3.86,3.91,1.1,23.29,54.44,9.91,5.13,2.45,3.67,6.8,12.9,2024-06-2816:15:55
	(951,0,Dicki-Reilly,3.79,4.41,0.84,21.67,36.72,12.99,3.48,2.56,4.02,8.24,15.22,2024-06-2816:15:56
	(952,0,Dicki-Reilly,3.53,4.68,1.39,24.06,42.7,10.84,5.16,1.93,4.21,5.21,17.71,2024-06-2816:15:57
	(953,0,Dicki-Reilly,3.06,4.32,1.27,18.69,42.2,11.51,4.08,2.6,5.06,7.93,13.39,2024-06-2816:15:58
	(954,0,Dicki-Reilly,3.38,4.64,1.21,16.9,41.28,10.81,3.6,2.16,4.16,5.85,13.31,2024-06-2816:15:59
	(955,0,Dicki-Reilly,3.29,3.48,0.93,19.66,53.61,9.19,5.18,2.51,4.49,6.03,11.85,2024-06-2816:16:00
	(956,0,Dicki-Reilly,3.86,4.77,0.87,17.57,39.58,11.16,3.48,2.7,4.45,5.93,15.24,2024-06-2816:16:01
	(957,0,Dicki-Reilly,3.27,4.94,1.11,25.9,52.63,12.82,4.86,1.85,4.83,8.31,14.54,2024-06-2816:16:02
	(958,0,Dicki-Reilly,3.63,3.33,1.16,16.72,55.54,9.79,4.96,2.38,5.06,6.43,15.14,2024-06-2816:16:03
	(959,0,Dicki-Reilly,3.7,3.63,1.08,18.62,54.83,13.57,5.16,1.77,4.3,7.12,18.78,2024-06-2816:16:04
	(960,0,Dicki-Reilly,3.84,3.5,0.97,25.16,51.41,11.29,5.11,2.07,4.45,5.29,14.24,2024-06-2816:16:05
	(961,0,Dicki-Reilly,4.14,4.02,1.26,25.88,51.85,13.11,4.23,2.51,4.71,6.52,11.94,2024-06-2816:16:06
	(962,0,Dicki-Reilly,2.63,5.13,1.22,24.36,39.16,9.23,3.39,1.79,5.1,5.38,11.91,2024-06-2816:16:07
	(963,0,Dicki-Reilly,4,4.95,0.9,23.5,37.04,9.9,3.34,2.25,3.38,8.08,14.25,2024-06-2816:16:08
	(964,0,Dicki-Reilly,3.09,4.73,1.17,21,42.49,8.38,4.65,2.36,4.39,6.53,17.97,2024-06-2816:16:09
	(965,0,Dicki-Reilly,3.79,4.63,0.84,27.32,46.02,11.67,4.14,2.1,5.11,8.13,16.22,2024-06-2816:16:10
	(966,0,Dicki-Reilly,2.51,3.69,1.11,18.46,54.77,9.63,5.04,1.88,4.54,6.14,16.81,2024-06-2816:16:11
	(967,0,Dicki-Reilly,3.31,3.93,1.1,22.83,54.2,11.44,5.37,2.51,3.72,6.94,19.08,2024-06-2816:16:12
	(968,0,Dicki-Reilly,2.95,4.96,0.88,20.81,43.15,9.19,4.11,2.41,3.74,7.78,14.58,2024-06-2816:16:13
	(969,0,Dicki-Reilly,3.98,4.54,1.14,25.04,48.66,13.79,3.9,2.08,3.69,7.68,18.59,2024-06-2816:16:14
	(970,0,Dicki-Reilly,3.37,3.75,1.26,17.31,40.12,10.24,3.7,1.94,5.09,7.86,13.72,2024-06-2816:16:15
	(971,0,Dicki-Reilly,3.54,4.62,0.97,17.63,52.72,11.72,3.79,2.34,4.62,6.18,12.55,2024-06-2816:16:16
	(972,0,Dicki-Reilly,3.58,4.88,1.1,18.98,35.92,9.38,4.91,2.31,4.59,7.68,17.44,2024-06-2816:16:17
	(973,0,Dicki-Reilly,3.28,5.1,1.05,19.46,39.36,12.08,3.8,2.55,4.1,5.58,16.81,2024-06-2816:16:18
	(974,0,Dicki-Reilly,4.01,4.47,1.07,21.55,47.69,8.68,5.18,1.78,5.39,7.04,14.11,2024-06-2816:16:19
	(975,0,Dicki-Reilly,3.14,4.44,1.38,21.47,35.09,13.55,3.42,2.32,5.21,7.76,12.23,2024-06-2816:16:20
	(976,0,Dicki-Reilly,3.5,5.07,0.86,22.71,39.46,10.41,4.97,2.47,4.98,7.35,14.97,2024-06-2816:16:21
	(977,0,Dicki-Reilly,3.52,4.89,1.24,20.29,46.01,8.49,4.07,2.63,3.55,7.6,13.75,2024-06-2816:16:22
	(978,0,Dicki-Reilly,4.03,5.15,1.22,24.35,45.64,8.99,4.13,2.11,4.05,5.4,16.88,2024-06-2816:16:23
	(979,0,Dicki-Reilly,2.77,3.64,0.94,27.62,34.03,10.16,4.59,2.4,3.85,7.33,16.22,2024-06-2816:16:24
	(980,0,Dicki-Reilly,3.49,3.5,0.92,19.3,38.46,9.63,3.94,2.23,4.67,7,18.17,2024-06-2816:16:25
	(981,0,Dicki-Reilly,3.32,4.86,0.89,16.95,40.04,9.69,5.4,2.6,4.85,7.37,11.76,2024-06-2816:16:26
	(982,0,Dicki-Reilly,2.54,4.79,0.95,20.55,44.85,11.58,4.99,2.47,4.14,5.03,13.07,2024-06-2816:16:27
	(983,0,Dicki-Reilly,2.8,4.98,1.1,24.92,53.49,12.42,4.66,1.94,3.66,5.06,12.56,2024-06-2816:16:28
	(984,0,Dicki-Reilly,3.89,3.88,0.86,26.34,36.88,9.66,4.94,2.72,4.32,5,15.92,2024-06-2816:16:29
	(985,0,Dicki-Reilly,2.82,4.24,1.25,18.76,43.81,13.72,5.42,2.71,3.88,7.28,16.89,2024-06-2816:16:31
	(986,0,Dicki-Reilly,2.93,5.08,0.92,27.61,43.67,12.15,3.78,2.24,3.8,6.53,16.74,2024-06-2816:16:32
	(987,0,Dicki-Reilly,2.52,4.21,1.27,25.74,45.07,11.96,5,1.84,5.49,5.32,12.04,2024-06-2816:16:33
	(988,0,Dicki-Reilly,3.68,4.19,1.23,26,46.29,13.64,4.36,2.13,3.52,6.24,17.56,2024-06-2816:16:34
	(989,0,Dicki-Reilly,2.96,5.37,1.21,27.42,40.24,12.95,4.79,2.63,4.23,6.38,18.87,2024-06-2816:16:35
	(990,0,Dicki-Reilly,2.69,5.47,1.15,20.86,33.4,11.88,4.91,2.11,5.4,8.28,15.28,2024-06-2816:16:36
	(991,0,Dicki-Reilly,3.52,4.17,1.15,27.63,48.67,10.09,5.48,1.7,4.07,5.76,12.66,2024-06-2816:16:37
	(992,0,Dicki-Reilly,2.98,3.82,1.15,25.45,53.6,11.18,3.85,2.7,3.87,7.87,16.44,2024-06-2816:16:38
	(993,0,Dicki-Reilly,3.21,3.82,1.23,26.03,38.06,12.89,5.51,2.52,5.35,7.05,16.72,2024-06-2816:16:39
	(994,0,Dicki-Reilly,3.29,5.49,1.16,17.53,45.21,13.34,4.04,2.64,4.58,7.19,17.74,2024-06-2816:16:40
	(995,0,Dicki-Reilly,2.95,4.63,1.04,26.11,51.47,9.36,3.69,2.64,4.96,5.02,14.55,2024-06-2816:16:41
	(996,0,Dicki-Reilly,2.64,5.52,0.92,22.19,34.87,10.82,4.76,2.42,4.34,6.55,13.99,2024-06-2816:16:42
	(997,0,Dicki-Reilly,2.66,3.58,0.86,24.21,50.24,11.19,4.3,2.23,4.43,5.85,18.67,2024-06-2816:16:43
	(998,0,Dicki-Reilly,3.57,3.59,0.87,17.87,48.85,10.42,5.31,2.69,5.04,6.9,17.72,2024-06-2816:16:44
	(999,0,Dicki-Reilly,3.97,4.06,1.21,24.26,53.04,8.51,4.79,2.3,4.5,7.54,19.27,2024-06-2816:16:45
	(1000,0,Dicki-Reilly,3.63,3.41,1.29,18.71,48.52,9.71,3.92,2.32,5.27,5.16,14.5,2024-06-2816:16:46
	(1001,0,Dicki-Reilly,3.83,4.27,0.9,22.87,38.75,11.88,4.27,1.79,3.83,8.08,15.55,2024-06-2816:16:47
